trial_id,method,profile,scenario,outcome,initial_detected,offset_degrees,initial_error_px,terminal_error_px,final_error_px,peak_error_px,peak_error_increase_pct,terminal_time_s,settling_time_s,observed_time_s,sample_count,max_command_rad_s,max_joint_condition,wall_time_s,target_step_time_s,trace
1,ibvs,medium,static,initial_out_of_view,False,"[-0.8130658685452481, 3.605923598707337, 5.845410233766206, -5.816519679560218, 7.104223377612421, -7.12241880234488]",,,,,,0.0,,0.0,1,0.0,10.898052857942403,0.005180000094696879,,traces/static_ibvs_0001.npz
1,pbvs,medium,static,initial_out_of_view,False,"[-0.8130658685452481, 3.605923598707337, 5.845410233766206, -5.816519679560218, 7.104223377612421, -7.12241880234488]",,,,,,0.0,,0.0,1,0.0,10.898052857942403,0.0028304001316428185,,traces/static_pbvs_0001.npz
1,open_loop,medium,static,initial_out_of_view,False,"[-0.8130658685452481, 3.605923598707337, 5.845410233766206, -5.816519679560218, 7.104223377612421, -7.12241880234488]",,,,,,0.0,,0.0,1,0.0,10.898052857942403,0.0031030001118779182,,traces/static_open_loop_0001.npz
2,ibvs,large,static,initial_out_of_view,False,"[-1.2780489390141838, 13.987565757947603, 2.73655223997989, -17.88614405484045, -8.895292002893784, -13.414636810741886]",,,,,,0.0,,0.0,1,0.0,10.472045367642309,0.0032333999406546354,,traces/static_ibvs_0002.npz
2,pbvs,large,static,initial_out_of_view,False,"[-1.2780489390141838, 13.987565757947603, 2.73655223997989, -17.88614405484045, -8.895292002893784, -13.414636810741886]",,,,,,0.0,,0.0,1,0.0,10.472045367642309,0.003334800014272332,,traces/static_pbvs_0002.npz
2,open_loop,large,static,initial_out_of_view,False,"[-1.2780489390141838, 13.987565757947603, 2.73655223997989, -17.88614405484045, -8.895292002893784, -13.414636810741886]",,,,,,0.0,,0.0,1,0.0,10.472045367642309,0.005723399808630347,,traces/static_open_loop_0002.npz
3,ibvs,medium,static,converged,True,"[2.8717161482197646, 0.5131953458820373, -5.8431355255964545, 2.491762690898515, 6.532682785629813, -7.251546253014333]",53.76506042480469,0.948555588722229,0.948555588722229,53.76506042480469,0.0,3.7319999999998106,3.2319999999998656,4.731999999999701,143,0.15398795399664883,11.441005416285103,1.163420099997893,,traces/static_ibvs_0003.npz
3,pbvs,medium,static,converged,True,"[2.8717161482197646, 0.5131953458820373, -5.8431355255964545, 2.491762690898515, 6.532682785629813, -7.251546253014333]",53.76506042480469,0.9574007391929626,0.9574007391929626,53.76506042480469,0.0,3.799999999999803,3.299999999999858,4.799999999999693,145,0.2171597218972634,11.441005416285103,1.1371480000671,,traces/static_pbvs_0003.npz
3,open_loop,medium,static,converged,True,"[2.8717161482197646, 0.5131953458820373, -5.8431355255964545, 2.491762690898515, 6.532682785629813, -7.251546253014333]",53.76506042480469,0.36559420824050903,0.36559420824050903,53.76506042480469,0.0,5.565999999999609,3.2319999999998656,6.565999999999499,198,0.1959993252950996,11.441005416285103,1.6741739001590759,,traces/static_open_loop_0003.npz
4,ibvs,medium,static,converged,True,"[6.79894319330408, -4.36699926190961, 8.996361133829193, 5.387711086014239, -2.3718429643837915, 1.3618570544631066]",99.37472534179688,0.9673828482627869,0.9673828482627869,99.37472534179688,0.0,4.331999999999745,3.8319999999997996,5.331999999999635,161,0.1983167327852044,10.634381710813201,1.3206289000809193,,traces/static_ibvs_0004.npz
4,pbvs,medium,static,converged,True,"[6.79894319330408, -4.36699926190961, 8.996361133829193, 5.387711086014239, -2.3718429643837915, 1.3618570544631066]",99.37472534179688,0.9853951930999756,0.9853951930999756,99.37472534179688,0.0,4.599999999999715,4.0999999999997705,5.599999999999605,169,0.17456498450981706,10.633141336948768,1.3882001000456512,,traces/static_pbvs_0004.npz
4,open_loop,medium,static,converged,True,"[6.79894319330408, -4.36699926190961, 8.996361133829193, 5.387711086014239, -2.3718429643837915, 1.3618570544631066]",99.37472534179688,0.4924403429031372,0.4924403429031372,99.37472534179688,0.0,6.065999999999554,3.8319999999997996,7.065999999999444,213,0.17456498450981706,10.666133584731005,1.5486516000237316,,traces/static_open_loop_0004.npz
5,ibvs,small,static,converged,True,"[1.5636034648025703, 0.36269280643384594, -2.1997651672541902, 3.5255242056066907, 0.7816390083703304, 3.679332212342776]",29.471784591674805,0.9789620041847229,0.9789620041847229,29.471784591674805,0.0,3.365999999999851,2.865999999999906,4.365999999999741,132,0.0920787752821432,10.933706778151713,1.0464861998334527,,traces/static_ibvs_0005.npz
5,pbvs,small,static,converged,True,"[1.5636034648025703, 0.36269280643384594, -2.1997651672541902, 3.5255242056066907, 0.7816390083703304, 3.679332212342776]",29.471784591674805,0.9907378554344177,0.9907378554344177,29.471784591674805,0.0,3.499999999999836,2.999999999999891,4.499999999999726,136,0.1982340360543517,10.933706778151713,1.0969710999634117,,traces/static_pbvs_0005.npz
5,open_loop,small,static,converged,True,"[1.5636034648025703, 0.36269280643384594, -2.1997651672541902, 3.5255242056066907, 0.7816390083703304, 3.679332212342776]",29.471784591674805,0.6012919545173645,0.6012919545173645,29.471784591674805,0.0,5.265999999999642,3.09999999999988,6.265999999999532,189,0.13283481112528034,10.933706778151713,1.5022096000611782,,traces/static_open_loop_0005.npz
6,ibvs,small,static,initial_out_of_view,False,"[2.1398502415996834, -0.27893884686042103, -3.78333338489909, -1.8652775461760562, -2.7385323503659205, -1.503045850580877]",,,,,,0.0,,0.0,1,0.0,11.094943409649064,0.002999700140208006,,traces/static_ibvs_0006.npz
6,pbvs,small,static,initial_out_of_view,False,"[2.1398502415996834, -0.27893884686042103, -3.78333338489909, -1.8652775461760562, -2.7385323503659205, -1.503045850580877]",,,,,,0.0,,0.0,1,0.0,11.094943409649064,0.003423799993470311,,traces/static_pbvs_0006.npz
6,open_loop,small,static,initial_out_of_view,False,"[2.1398502415996834, -0.27893884686042103, -3.78333338489909, -1.8652775461760562, -2.7385323503659205, -1.503045850580877]",,,,,,0.0,,0.0,1,0.0,11.094943409649064,0.0027245001401752234,,traces/static_open_loop_0006.npz
7,ibvs,small,static,converged,True,"[1.5795083215018826, 0.3200520360263708, 0.40612750939433084, 3.662942435559663, -1.3870567625603958, -0.0866625829916865]",9.976941108703613,0.9680711030960083,0.9680711030960083,9.976941108703613,0.0,2.4999999999999463,2.0000000000000013,3.499999999999836,106,0.07530503455039095,10.637702777217434,0.7690045000053942,,traces/static_ibvs_0007.npz
7,pbvs,small,static,converged,True,"[1.5795083215018826, 0.3200520360263708, 0.40612750939433084, 3.662942435559663, -1.3870567625603958, -0.0866625829916865]",9.976941108703613,0.9170675873756409,0.9170675873756409,9.976941108703613,0.0,2.565999999999939,2.065999999999994,3.565999999999829,108,0.20407855278944054,10.638622177444427,0.87016940000467,,traces/static_pbvs_0007.npz
7,open_loop,small,static,converged,True,"[1.5795083215018826, 0.3200520360263708, 0.40612750939433084, 3.662942435559663, -1.3870567625603958, -0.0866625829916865]",9.976941108703613,0.479306697845459,0.479306697845459,9.976941108703613,0.0,4.731999999999701,2.031999999999998,5.731999999999591,173,0.11760098526707305,10.656721248631992,1.333844400011003,,traces/static_open_loop_0007.npz
8,ibvs,medium,static,converged,True,"[-0.8791557812229875, -4.402620808469534, 4.571318342933505, 11.348047960064704, 0.9533308562043814, -4.390283202520127]",103.0530014038086,0.9902769327163696,0.9902769327163696,103.0530014038086,0.0,4.46599999999973,3.965999999999785,5.46599999999962,165,0.24115210170697618,10.643590236233024,1.2508690999820828,,traces/static_ibvs_0008.npz
8,pbvs,medium,static,converged,True,"[-0.8791557812229875, -4.402620808469534, 4.571318342933505, 11.348047960064704, 0.9533308562043814, -4.390283202520127]",103.0530014038086,0.7709590196609497,0.7709590196609497,103.0530014038086,0.0,4.531999999999723,4.031999999999778,5.531999999999613,167,0.316316270568228,10.639140037521356,1.3534287000074983,,traces/static_pbvs_0008.npz
8,open_loop,medium,static,converged,True,"[-0.8791557812229875, -4.402620808469534, 4.571318342933505, 11.348047960064704, 0.9533308562043814, -4.390283202520127]",103.0530014038086,0.6148446202278137,0.6148446202278137,103.0530014038086,0.0,5.499999999999616,4.065999999999774,6.499999999999506,196,0.2737535367512674,10.652881078531568,1.4201100000645965,,traces/static_open_loop_0008.npz
9,ibvs,medium,static,converged,True,"[5.672383509568952, -0.8296458207747293, -6.97342976791691, -4.1993184894812305, 5.546099854695498, 3.7420387460226525]",181.1334686279297,0.9769476652145386,0.9769476652145386,181.1334686279297,0.0,4.899999999999682,4.3999999999997375,5.899999999999572,178,0.15994420756955963,11.628282624087927,1.3879311999771744,,traces/static_ibvs_0009.npz
9,pbvs,medium,static,converged,True,"[5.672383509568952, -0.8296458207747293, -6.97342976791691, -4.1993184894812305, 5.546099854695498, 3.7420387460226525]",181.1334686279297,0.8950932621955872,0.8950932621955872,181.1334686279297,0.0,4.931999999999679,4.431999999999734,5.931999999999569,179,0.2139643877344988,11.628282624087927,1.3227023999206722,,traces/static_pbvs_0009.npz
9,open_loop,medium,static,converged,True,"[5.672383509568952, -0.8296458207747293, -6.97342976791691, -4.1993184894812305, 5.546099854695498, 3.7420387460226525]",181.1334686279297,0.5205391645431519,0.5205391645431519,181.1334686279297,0.0,6.199999999999539,4.331999999999745,7.199999999999429,217,0.19129130104306166,11.628282624087927,1.6758929998613894,,traces/static_open_loop_0009.npz
10,ibvs,medium,static,converged,True,"[7.915176513490408, -3.292840197830696, 6.128550068649943, 10.021271099986947, -0.5109147107880769, -11.88911339201951]",92.09175109863281,0.9805222749710083,0.9805222749710083,92.09175109863281,0.0,4.131999999999767,3.6319999999998216,5.131999999999657,155,0.2378559771631746,10.633693614422905,1.286042399937287,,traces/static_ibvs_0010.npz
10,pbvs,medium,static,converged,True,"[7.915176513490408, -3.292840197830696, 6.128550068649943, 10.021271099986947, -0.5109147107880769, -11.88911339201951]",92.09175109863281,0.9368407130241394,0.9368407130241394,92.09175109863281,0.0,4.46599999999973,3.965999999999785,5.46599999999962,165,0.2960999201225513,10.635752707468905,1.3672382000368088,,traces/static_pbvs_0010.npz
10,open_loop,medium,static,converged,True,"[7.915176513490408, -3.292840197830696, 6.128550068649943, 10.021271099986947, -0.5109147107880769, -11.88911339201951]",92.09175109863281,0.5234778523445129,0.5234778523445129,92.09175109863281,0.0,6.031999999999558,3.8319999999997996,7.031999999999448,212,0.2960999201225513,10.667715109143638,1.6211377999279648,,traces/static_open_loop_0010.npz
11,ibvs,medium,static,converged,True,"[4.440567006001055, -5.474273320585242, 9.073067324452456, 4.473315163689804, 1.1850897052712703, 10.345542805065946]",85.67382049560547,0.9673342704772949,0.9673342704772949,85.67382049560547,0.0,4.265999999999752,3.765999999999807,5.265999999999642,159,0.2685090177538874,10.62904619342949,1.245201600017026,,traces/static_ibvs_0011.npz
11,pbvs,medium,static,converged,True,"[4.440567006001055, -5.474273320585242, 9.073067324452456, 4.473315163689804, 1.1850897052712703, 10.345542805065946]",85.67382049560547,0.9971686601638794,0.9971686601638794,85.67382049560547,0.0,4.365999999999741,3.865999999999796,5.365999999999631,162,0.18804682144708307,10.637158722333757,1.3256190000101924,,traces/static_pbvs_0011.npz
11,open_loop,medium,static,converged,True,"[4.440567006001055, -5.474273320585242, 9.073067324452456, 4.473315163689804, 1.1850897052712703, 10.345542805065946]",85.67382049560547,0.49454769492149353,0.49454769492149353,85.67382049560547,0.0,5.931999999999569,3.6319999999998216,6.931999999999459,209,0.18804682144708307,10.667057194752099,1.632028799969703,,traces/static_open_loop_0011.npz
12,ibvs,medium,static,initial_out_of_view,False,"[1.3005942696378465, -6.310350539686365, -8.955728587942712, -2.1843277455380044, 2.199089030472134, 4.3499972314542]",,,,,,0.0,,0.0,1,0.0,11.834520752670807,0.0025740000419318676,,traces/static_ibvs_0012.npz
12,pbvs,medium,static,initial_out_of_view,False,"[1.3005942696378465, -6.310350539686365, -8.955728587942712, -2.1843277455380044, 2.199089030472134, 4.3499972314542]",,,,,,0.0,,0.0,1,0.0,11.834520752670807,0.0028901000041514635,,traces/static_pbvs_0012.npz
12,open_loop,medium,static,initial_out_of_view,False,"[1.3005942696378465, -6.310350539686365, -8.955728587942712, -2.1843277455380044, 2.199089030472134, 4.3499972314542]",,,,,,0.0,,0.0,1,0.0,11.834520752670807,0.002449299907311797,,traces/static_open_loop_0012.npz
0,ibvs,fixed_demo,target_step,converged,True,"[3.0, -3.0, 4.0, 3.0, -2.0, 2.0]",45.13802719116211,0.9240765571594238,0.9240765571594238,45.13802719116211,0.0,3.5319999999998326,3.0319999999998877,4.531999999999723,137,0.08228462923712604,10.66121320866292,1.0234014000743628,1.0000000000000007,traces/target_step_ibvs_0000.npz
0,pbvs,fixed_demo,target_step,converged,True,"[3.0, -3.0, 4.0, 3.0, -2.0, 2.0]",45.13802719116211,0.9392812848091125,0.9392812848091125,45.13802719116211,0.0,3.5319999999998326,3.0319999999998877,4.531999999999723,137,0.1897092608794645,10.639850847004618,1.0872663999907672,1.0000000000000007,traces/target_step_pbvs_0000.npz
0,open_loop,fixed_demo,target_step,open_loop_residual,True,"[3.0, -3.0, 4.0, 3.0, -2.0, 2.0]",45.13802719116211,20.854145050048828,20.854145050048828,45.13802719116211,0.0,5.431999999999624,,6.431999999999514,194,0.11412127498546262,10.65944770039378,1.46292920014821,1.0000000000000007,traces/target_step_open_loop_0000.npz
