trial_id,method,profile,scenario,outcome,initial_detected,offset_degrees,initial_error_px,terminal_error_px,final_error_px,peak_error_px,peak_error_increase_pct,terminal_time_s,settling_time_s,observed_time_s,sample_count,max_command_rad_s,max_joint_condition,wall_time_s,target_step_time_s,projected_overshoot_pct,near_goal_command_rms_rad_s,min_gain_per_s,max_gain_per_s,trace
1,fixed,medium,static,initial_out_of_view,False,"[-0.8130658685452481, 3.605923598707337, 5.845410233766206, -5.816519679560218, 7.104223377612421, -7.12241880234488]",,,,,,0.0,,0.0,1,0.0,10.898052857942403,0.0046070000098552555,,,,1.2,1.2,traces/fixed_0001.npz
1,adaptive,medium,static,initial_out_of_view,False,"[-0.8130658685452481, 3.605923598707337, 5.845410233766206, -5.816519679560218, 7.104223377612421, -7.12241880234488]",,,,,,0.0,,0.0,1,0.0,10.898052857942403,0.00363880000077188,,,,0.8,0.8,traces/adaptive_0001.npz
1,fixed_high,medium,static,initial_out_of_view,False,"[-0.8130658685452481, 3.605923598707337, 5.845410233766206, -5.816519679560218, 7.104223377612421, -7.12241880234488]",,,,,,0.0,,0.0,1,0.0,10.898052857942403,0.004245199990691617,,,,2.4,2.4,traces/fixed_high_0001.npz
2,fixed,large,static,initial_out_of_view,False,"[-1.2780489390141838, 13.987565757947603, 2.73655223997989, -17.88614405484045, -8.895292002893784, -13.414636810741886]",,,,,,0.0,,0.0,1,0.0,10.472045367642309,0.00435299999662675,,,,1.2,1.2,traces/fixed_0002.npz
2,adaptive,large,static,initial_out_of_view,False,"[-1.2780489390141838, 13.987565757947603, 2.73655223997989, -17.88614405484045, -8.895292002893784, -13.414636810741886]",,,,,,0.0,,0.0,1,0.0,10.472045367642309,0.003054200002225116,,,,0.8,0.8,traces/adaptive_0002.npz
2,fixed_high,large,static,initial_out_of_view,False,"[-1.2780489390141838, 13.987565757947603, 2.73655223997989, -17.88614405484045, -8.895292002893784, -13.414636810741886]",,,,,,0.0,,0.0,1,0.0,10.472045367642309,0.003148999996483326,,,,2.4,2.4,traces/fixed_high_0002.npz
3,fixed,medium,static,converged,True,"[2.8717161482197646, 0.5131953458820373, -5.8431355255964545, 2.491762690898515, 6.532682785629813, -7.251546253014333]",53.76506042480469,0.948555588722229,0.948555588722229,53.76506042480469,0.0,3.7319999999998106,3.2319999999998656,4.731999999999701,143,0.15398795399664883,11.441005416285103,1.025073800003156,,0.0,0.007201935029919233,1.2,1.2,traces/fixed_0003.npz
3,adaptive,medium,static,converged,True,"[2.8717161482197646, 0.5131953458820373, -5.8431355255964545, 2.491762690898515, 6.532682785629813, -7.251546253014333]",53.76506042480469,0.9412813186645508,0.9412813186645508,53.76506042480469,0.0,2.865999999999906,2.365999999999961,3.865999999999796,117,0.30514312215634554,11.441005416285103,0.9081772000063211,,0.0,0.008031039204441053,0.9776030132857874,2.3980707593047654,traces/adaptive_0003.npz
3,fixed_high,medium,static,converged,True,"[2.8717161482197646, 0.5131953458820373, -5.8431355255964545, 2.491762690898515, 6.532682785629813, -7.251546253014333]",53.76506042480469,0.9207556843757629,0.9207556843757629,53.76506042480469,0.0,2.065999999999994,1.5660000000000012,3.065999999999884,93,0.3053886088780575,11.441005416285103,0.6222500000149012,,0.0,0.014932275321950305,2.4,2.4,traces/fixed_high_0003.npz
4,fixed,medium,static,converged,True,"[6.79894319330408, -4.36699926190961, 8.996361133829193, 5.387711086014239, -2.3718429643837915, 1.3618570544631066]",99.37472534179688,0.9673828482627869,0.9673828482627869,99.37472534179688,0.0,4.331999999999745,3.8319999999997996,5.331999999999635,161,0.1983167327852044,10.634381710813201,1.101002100011101,,0.0,0.00443434802315567,1.2,1.2,traces/fixed_0004.npz
4,adaptive,medium,static,converged,True,"[6.79894319330408, -4.36699926190961, 8.996361133829193, 5.387711086014239, -2.3718429643837915, 1.3618570544631066]",99.37472534179688,0.961202085018158,0.961202085018158,99.37472534179688,0.0,3.3319999999998546,2.8319999999999097,4.331999999999745,131,0.23481079348196718,10.634095848793496,0.8440579000161961,,0.0,0.0045520503472130614,0.981140515367234,2.399993552621642,traces/adaptive_0004.npz
4,fixed_high,medium,static,converged,True,"[6.79894319330408, -4.36699926190961, 8.996361133829193, 5.387711086014239, -2.3718429643837915, 1.3618570544631066]",99.37472534179688,0.9012138843536377,0.9012138843536377,99.37472534179688,0.0,2.46599999999995,1.9660000000000015,3.46599999999984,105,0.23481079348196734,10.634133545324799,0.666708100005053,,0.0,0.00872011435218224,2.4,2.4,traces/fixed_high_0004.npz
5,fixed,small,static,converged,True,"[1.5636034648025703, 0.36269280643384594, -2.1997651672541902, 3.5255242056066907, 0.7816390083703304, 3.679332212342776]",29.471784591674805,0.9789620041847229,0.9789620041847229,29.471784591674805,0.0,3.365999999999851,2.865999999999906,4.365999999999741,132,0.0920787752821432,10.933706778151713,0.8439970999897923,,0.0,0.005807681085558731,1.2,1.2,traces/fixed_0005.npz
5,adaptive,small,static,converged,True,"[1.5636034648025703, 0.36269280643384594, -2.1997651672541902, 3.5255242056066907, 0.7816390083703304, 3.679332212342776]",29.471784591674805,0.9964606761932373,0.9964606761932373,29.471784591674805,0.0,2.7319999999999207,2.231999999999976,3.7319999999998106,113,0.18107316197453674,10.933706778151713,0.7411468999926001,,0.0,0.006187871959042268,0.9873801265300371,2.359803263060811,traces/adaptive_0005.npz
5,fixed_high,small,static,converged,True,"[1.5636034648025703, 0.36269280643384594, -2.1997651672541902, 3.5255242056066907, 0.7816390083703304, 3.679332212342776]",29.471784591674805,0.9590615034103394,0.9590615034103394,29.471784591674805,0.0,1.9000000000000015,1.400000000000001,2.899999999999902,88,0.1841575505642864,10.933706778151713,0.5681226000015158,,0.0,0.012180714117254394,2.4,2.4,traces/fixed_high_0005.npz
6,fixed,small,static,initial_out_of_view,False,"[2.1398502415996834, -0.27893884686042103, -3.78333338489909, -1.8652775461760562, -2.7385323503659205, -1.503045850580877]",,,,,,0.0,,0.0,1,0.0,11.094943409649064,0.002675600000657141,,,,1.2,1.2,traces/fixed_0006.npz
6,adaptive,small,static,initial_out_of_view,False,"[2.1398502415996834, -0.27893884686042103, -3.78333338489909, -1.8652775461760562, -2.7385323503659205, -1.503045850580877]",,,,,,0.0,,0.0,1,0.0,11.094943409649064,0.0020457000064197928,,,,0.8,0.8,traces/adaptive_0006.npz
6,fixed_high,small,static,initial_out_of_view,False,"[2.1398502415996834, -0.27893884686042103, -3.78333338489909, -1.8652775461760562, -2.7385323503659205, -1.503045850580877]",,,,,,0.0,,0.0,1,0.0,11.094943409649064,0.002777099987724796,,,,2.4,2.4,traces/fixed_high_0006.npz
7,fixed,small,static,converged,True,"[1.5795083215018826, 0.3200520360263708, 0.40612750939433084, 3.662942435559663, -1.3870567625603958, -0.0866625829916865]",9.976941108703613,0.9680711030960083,0.9680711030960083,9.976941108703613,0.0,2.4999999999999463,2.0000000000000013,3.499999999999836,106,0.07530503455039095,10.637702777217434,0.6752500000002328,,0.0,0.010927280708201939,1.2,1.2,traces/fixed_0007.npz
7,adaptive,small,static,converged,True,"[1.5795083215018826, 0.3200520360263708, 0.40612750939433084, 3.662942435559663, -1.3870567625603958, -0.0866625829916865]",9.976941108703613,0.9732404947280884,0.9732404947280884,9.976941108703613,0.0,2.3319999999999648,1.8320000000000014,3.3319999999998546,101,0.12176002711507591,10.637578630437485,0.676271899981657,,0.0,0.011501245757536945,0.9832740095231209,1.9402691122904816,traces/adaptive_0007.npz
7,fixed_high,small,static,converged,True,"[1.5795083215018826, 0.3200520360263708, 0.40612750939433084, 3.662942435559663, -1.3870567625603958, -0.0866625829916865]",9.976941108703613,0.9964171051979065,0.9964171051979065,9.976941108703613,0.0,1.466000000000001,0.9660000000000007,2.46599999999995,75,0.1506100691007819,10.637426734145592,0.4691365000035148,,0.0,0.022386461413017113,2.4,2.4,traces/fixed_high_0007.npz
8,fixed,medium,static,converged,True,"[-0.8791557812229875, -4.402620808469534, 4.571318342933505, 11.348047960064704, 0.9533308562043814, -4.390283202520127]",103.0530014038086,0.9902769327163696,0.9902769327163696,103.0530014038086,0.0,4.46599999999973,3.965999999999785,5.46599999999962,165,0.24115210170697618,10.643590236233024,1.0801204000017606,,0.0,0.0031400845722434102,1.2,1.2,traces/fixed_0008.npz
8,adaptive,medium,static,converged,True,"[-0.8791557812229875, -4.402620808469534, 4.571318342933505, 11.348047960064704, 0.9533308562043814, -4.390283202520127]",103.0530014038086,0.9957333207130432,0.9957333207130432,103.0530014038086,0.0,3.3319999999998546,2.8319999999999097,4.331999999999745,131,0.35,10.643768400158596,0.7958637999836355,,0.0,0.0033388515963814823,0.9872516939802141,2.399995928997466,traces/adaptive_0008.npz
8,fixed_high,medium,static,converged,True,"[-0.8791557812229875, -4.402620808469534, 4.571318342933505, 11.348047960064704, 0.9533308562043814, -4.390283202520127]",103.0530014038086,0.9534618258476257,0.9534618258476257,103.0530014038086,0.0,2.4999999999999463,2.0000000000000013,3.499999999999836,106,0.35,10.643809489234922,0.6717849000124261,,0.0,0.006137294751390259,2.4,2.4,traces/fixed_high_0008.npz
9,fixed,medium,static,converged,True,"[5.672383509568952, -0.8296458207747293, -6.97342976791691, -4.1993184894812305, 5.546099854695498, 3.7420387460226525]",181.1334686279297,0.9769476652145386,0.9769476652145386,181.1334686279297,0.0,4.899999999999682,4.3999999999997375,5.899999999999572,178,0.15994420756955963,11.628282624087927,1.1350234000128694,,0.0,0.0034080239684529928,1.2,1.2,traces/fixed_0009.npz
9,adaptive,medium,static,converged,True,"[5.672383509568952, -0.8296458207747293, -6.97342976791691, -4.1993184894812305, 5.546099854695498, 3.7420387460226525]",181.1334686279297,0.9893869757652283,0.9893869757652283,181.1334686279297,0.0,3.665999999999818,3.165999999999873,4.665999999999708,141,0.15994420756955965,11.628282624087927,0.8873846000060439,,0.0,0.003768610703073191,0.9861305191178714,2.3999999997650576,traces/adaptive_0009.npz
9,fixed_high,medium,static,converged,True,"[5.672383509568952, -0.8296458207747293, -6.97342976791691, -4.1993184894812305, 5.546099854695498, 3.7420387460226525]",181.1334686279297,0.9805724024772644,0.9805724024772644,181.1334686279297,0.0,2.7999999999999132,2.2999999999999683,3.799999999999803,115,0.15994420756955963,11.628282624087927,0.6917503000004217,,0.0,0.007296933719311399,2.4,2.4,traces/fixed_high_0009.npz
10,fixed,medium,static,converged,True,"[7.915176513490408, -3.292840197830696, 6.128550068649943, 10.021271099986947, -0.5109147107880769, -11.88911339201951]",92.09175109863281,0.9805222749710083,0.9805222749710083,92.09175109863281,0.0,4.131999999999767,3.6319999999998216,5.131999999999657,155,0.2378559771631746,10.633693614422905,0.9608005000045523,,0.0,0.007487079897695753,1.2,1.2,traces/fixed_0010.npz
10,adaptive,medium,static,converged,True,"[7.915176513490408, -3.292840197830696, 6.128550068649943, 10.021271099986947, -0.5109147107880769, -11.88911339201951]",92.09175109863281,0.9764781594276428,0.9764781594276428,92.09175109863281,0.0,3.1319999999998767,2.6319999999999317,4.131999999999767,125,0.31876984414820736,10.633462930784061,0.7489672999945469,,0.0,0.007901762756433964,0.9833335242009953,2.3999839766837594,traces/adaptive_0010.npz
10,fixed_high,medium,static,converged,True,"[7.915176513490408, -3.292840197830696, 6.128550068649943, 10.021271099986947, -0.5109147107880769, -11.88911339201951]",92.09175109863281,0.9347968697547913,0.9347968697547913,92.09175109863281,0.0,2.3319999999999648,1.8320000000000014,3.3319999999998546,101,0.3187698441482075,10.633477792363887,0.6118263000098523,,0.0,0.015443248131403955,2.4,2.4,traces/fixed_high_0010.npz
11,fixed,medium,static,converged,True,"[4.440567006001055, -5.474273320585242, 9.073067324452456, 4.473315163689804, 1.1850897052712703, 10.345542805065946]",85.67382049560547,0.9673342704772949,0.9673342704772949,85.67382049560547,0.0,4.265999999999752,3.765999999999807,5.265999999999642,159,0.2685090177538874,10.62904619342949,1.0649116999993566,,0.0,0.006112698551938134,1.2,1.2,traces/fixed_0011.npz
11,adaptive,medium,static,converged,True,"[4.440567006001055, -5.474273320585242, 9.073067324452456, 4.473315163689804, 1.1850897052712703, 10.345542805065946]",85.67382049560547,0.9907004833221436,0.9907004833221436,85.67382049560547,0.0,3.2319999999998656,2.7319999999999207,4.231999999999756,128,0.3255025413008765,10.62853134103803,0.8137023000163026,,0.0,0.006481514466580262,0.9863372585539392,2.3999642594349737,traces/adaptive_0011.npz
11,fixed_high,medium,static,converged,True,"[4.440567006001055, -5.474273320585242, 9.073067324452456, 4.473315163689804, 1.1850897052712703, 10.345542805065946]",85.67382049560547,0.8949109315872192,0.8949109315872192,85.67382049560547,0.0,2.4319999999999538,1.9320000000000015,3.4319999999998436,104,0.32550254130087714,10.629711901767344,0.6831088999751955,,0.0,0.011722640791679263,2.4,2.4,traces/fixed_high_0011.npz
12,fixed,medium,static,initial_out_of_view,False,"[1.3005942696378465, -6.310350539686365, -8.955728587942712, -2.1843277455380044, 2.199089030472134, 4.3499972314542]",,,,,,0.0,,0.0,1,0.0,11.834520752670807,0.0030610000248998404,,,,1.2,1.2,traces/fixed_0012.npz
12,adaptive,medium,static,initial_out_of_view,False,"[1.3005942696378465, -6.310350539686365, -8.955728587942712, -2.1843277455380044, 2.199089030472134, 4.3499972314542]",,,,,,0.0,,0.0,1,0.0,11.834520752670807,0.0023293000122066587,,,,0.8,0.8,traces/adaptive_0012.npz
12,fixed_high,medium,static,initial_out_of_view,False,"[1.3005942696378465, -6.310350539686365, -8.955728587942712, -2.1843277455380044, 2.199089030472134, 4.3499972314542]",,,,,,0.0,,0.0,1,0.0,11.834520752670807,0.002195000008214265,,,,2.4,2.4,traces/fixed_high_0012.npz
