time_s,status,error_px,joint_condition,q1_rad,qdot1_rad_s,camera_twist_0,q2_rad,qdot2_rad_s,camera_twist_1,q3_rad,qdot3_rad_s,camera_twist_2,q4_rad,qdot4_rad_s,camera_twist_3,q5_rad,qdot5_rad_s,camera_twist_4,q6_rad,qdot6_rad_s,camera_twist_5,u0,v0,depth0_m,u1,v1,depth1_m,u2,v2,depth2_m,u3,v3,depth3_m
0.0,running,45.13802940487848,10.221527928516712,0.05235987755982989,-0.061899688449211,0.03616844844077331,-0.7504915783598298,0.07381274642380913,0.01553061974056176,1.4660765716797732,-0.08228462923712604,0.01902921320854111,0.05235987755982989,-0.05758336870917469,-0.015610079495356359,-0.7330382858398866,0.02732715110982839,0.023540014969544776,0.03490658503988659,-0.049048048283689846,-0.09258283385039003,229.9705810546875,142.31675720214844,0.462130271129667,470.14849853515625,123.3797836303711,0.45763409071773276,489.5186767578125,365.31866455078125,0.45403969778549136,247.2674560546875,382.2884216308594,0.4585358781974256
0.032000000000000015,running,44.133654866304596,10.23528669465309,0.050982232989727184,-0.060404261051802015,0.035191856924328295,-0.7486542669147955,0.06672400857642809,0.013360771490306587,1.4635608884269773,-0.07967139441743132,0.018524905584504703,0.05063355342856519,-0.055680795635569894,-0.019034530249899373,-0.7322504477006498,0.03504320970097691,0.023288733273116327,0.033516977498762486,-0.04685302928600285,-0.08883284926840498,229.35552978515625,141.62066650390625,0.46161717356324755,469.66192626953125,123.37783813476562,0.45721792694570595,488.5394592285156,365.58673095703125,0.45356477538132794,245.82489013671875,381.9394226074219,0.45796402199886954
0.06600000000000004,running,42.34636902430313,10.250000173421135,0.048987806942788016,-0.05675040894517029,0.033331664061142185,-0.7464115159140232,0.0648922501710066,0.013360830350310667,1.4609137428227756,-0.07572998953733769,0.01748599257771042,0.04883302989777003,-0.0507824122293554,-0.01684333677534025,-0.7311272776370447,0.03048708362033053,0.022952974592769168,0.032039128430843514,-0.0476299003395117,-0.08599071873498948,227.81375122070312,140.54855346679688,0.45959167006135,468.59844970703125,122.76597595214844,0.4563220078874889,486.757568359375,365.436767578125,0.453996324359698,243.78147888183594,381.26727294921875,0.4572659865335591
0.10000000000000007,running,40.65095213617458,10.26410198828736,0.04706500678602369,-0.054094257949320865,0.031775690044944654,-0.7442407452063045,0.05940138716415589,0.011548229670287728,1.458396432314295,-0.07376066054765912,0.017082653885818182,0.04719088871442251,-0.047402790255007154,-0.018496351669954128,-0.7301389705852274,0.03544597361664575,0.022506618404802087,0.030540649021059383,-0.046351787308972214,-0.08205432265473404,226.50689697265625,139.4215850830078,0.4609422071289374,467.5875244140625,122.44795989990234,0.4556002766290346,485.13616943359375,365.3260498046875,0.4519423149691393,241.7538604736328,380.4489440917969,0.4572842454690421
0.1320000000000001,running,39.01923128114537,10.277088313936984,0.04534346129926763,-0.04885814946612098,0.029321423046948222,-0.7423297061997387,0.05670179779411514,0.010903444165415152,1.4561104898016295,-0.07147824698178168,0.01648024178555857,0.04574902467887535,-0.037348420639089705,-0.017717551005035748,-0.7290642673508084,0.03485829744287133,0.02396568378151992,0.029165593894404315,-0.05037208161855872,-0.07849849268501555,225.31222534179688,138.36843872070312,0.4591840996420449,466.6121520996094,121.91854858398438,0.4562347509459366,483.45770263671875,365.2478332519531,0.45256898844185833,239.90650939941406,379.6172790527344,0.45551833713796663
0.16600000000000012,running,37.40826893794217,10.290755373601447,0.04366708111975191,-0.049454247186318585,0.02919568517017948,-0.7404147792957242,0.05826447540466049,0.011979353285707144,1.4537470987310557,-0.06819332523664874,0.015586686322912872,0.04453653052004761,-0.04350975922669738,-0.013686315725624551,-0.7279372375926356,0.025830983187474933,0.020527241071626123,0.02758495246364607,-0.04278701739576425,-0.0756736965355011,223.86570739746094,137.34278869628906,0.45811914897591,465.66180419921875,121.5330810546875,0.45658956753071994,481.73089599609375,365.0787658691406,0.45248988403266477,238.18894958496094,379.0486755371094,0.4540194654778548
0.20000000000000015,running,35.972422013095986,10.303779258235128,0.04202188170896895,-0.04949471898979976,0.02877417443994955,-0.7384950879346447,0.054170213550231716,0.01067701983508515,1.4514692588327758,-0.06616726424935199,0.01518087795732766,0.04313784701714219,-0.046908670661535035,-0.014716229975908417,-0.7270965755349872,0.028790788354861558,0.01828780324816559,0.02622818223117713,-0.03743880845864295,-0.07281747750208699,222.6525421142578,136.3930206298828,0.4604832907834281,464.8202819824219,121.3005142211914,0.4550189141852281,480.4018859863281,364.8770751953125,0.4495855904240287,236.4638214111328,378.4364318847656,0.45504996702222866
0.23200000000000018,running,34.53077379734166,10.315560698575233,0.04046986214253447,-0.04540311505198385,0.02683476816393906,-0.736764433104437,0.05206537951663622,0.010300500898847823,1.4494127742998868,-0.06351822327792064,0.014500055623254992,0.04171605984616641,-0.039391650220905176,-0.013506691852596873,-0.7262231960999936,0.026859879934669324,0.01920584879705311,0.02511198886889472,-0.04086815807934177,-0.070601138268641,221.59141540527344,135.45510864257812,0.4573536883519051,464.1432800292969,120.75023651123047,0.45074628546464107,478.98974609375,364.6355895996094,0.4515782242700637,234.7278594970703,377.6720886230469,0.45818562715732775
0.2660000000000002,running,33.140253303394665,10.327769790963147,0.038919993099893344,-0.04754669245509264,0.027271928261611948,-0.7350127156108696,0.049600324446574376,0.009889208144475348,1.447308099562715,-0.06001472981872384,0.013715112245122913,0.040439375092412494,-0.04881488445504883,-0.012870222796448217,-0.725353683817936,0.02508754264931461,0.015131084860820286,0.023829793850649424,-0.03056249012887273,-0.06741174288567164,220.49496459960938,134.4996795654297,0.45602870141433566,463.2702331542969,120.50276184082031,0.45264141739381614,477.5047302246094,364.54345703125,0.45190284638089034,233.16445922851562,377.228271484375,0.45529013040140986
0.3000000000000002,running,31.79761721497388,10.33920349845168,0.03735275313016681,-0.04428383012728544,0.025580355006925626,-0.7333441870945544,0.043630285530404225,0.007837929390041413,1.4453161188738697,-0.05840419340302263,0.013436853522933154,0.03887183730053227,-0.04287560637996391,-0.015458349545698809,-0.7245417162300906,0.031879738290743635,0.015769927142790678,0.022854369319970837,-0.03202526269045998,-0.0642907557024032,219.4637451171875,133.5640411376953,0.4585479967763807,462.4056701660156,120.16156005859375,0.45293881813199816,476.31256103515625,364.43304443359375,0.44877825154717166,231.57546997070312,376.52294921875,0.4543874301915542
0.33200000000000024,running,30.50012540396718,10.349741664354385,0.03593533855850208,-0.04184311266192983,0.024311468927847635,-0.7319212974051118,0.04222461435147175,0.007849258876787318,1.4435131687630343,-0.055117056253927946,0.012614959269602048,0.03756519714713471,-0.03974116553559193,-0.013803871224377963,-0.7235766483316679,0.028212055852037596,0.015454051253773395,0.021907333343162895,-0.03181221629593649,-0.06176282915850534,218.47311401367188,132.66029357910156,0.45474304460009624,461.58795166015625,119.64945983886719,0.45522285479842384,474.9476318359375,364.3416442871094,0.45122974225178986,230.2045135498047,375.9497985839844,0.45074993205346225
0.36600000000000027,running,29.213273841510926,10.360489812005145,0.03451697277108508,-0.04208208013884314,0.02408243754449127,-0.730503653521236,0.04142996872092048,0.007881501723662112,1.4416828796924803,-0.05280457141621384,0.012047750911100604,0.03628072888521668,-0.04367398321047197,-0.01240755578690986,-0.7226622070661792,0.025202432520727132,0.013129542672724343,0.020905547229037688,-0.025743855832578946,-0.05869852980127166,217.4778594970703,131.79342651367188,0.45441465577937085,460.97723388671875,119.4866943359375,0.45385363731164174,473.5932922363281,364.2976379394531,0.45079457522983885,228.64920043945312,375.42633056640625,0.45135559369756795
0.4000000000000003,running,28.096596287221683,10.370748533582871,0.03311526949448165,-0.03826676012534138,0.022330508109188574,-0.729120843742577,0.041649483006947555,0.008071259736582508,1.4399277336226386,-0.052097767935969874,0.011789594437248191,0.03487474663419863,-0.036240192386050786,-0.010895304906931559,-0.7218460221584115,0.022632143546008076,0.014251978787391116,0.02008726971213153,-0.029208104922081257,-0.056580307456419884,216.4990997314453,131.17327880859375,0.4554888893552439,460.28662109375,119.23456573486328,0.45401416965818336,472.4571533203125,364.2683410644531,0.4492133904989627,227.3966522216797,374.8967590332031,0.45068811019602323
0.43200000000000033,running,26.931873381564998,10.380376115890554,0.03188067231552037,-0.03407938464057225,0.020340770993032577,-0.7278182249765803,0.03648566023383815,0.006595961444535621,1.438299798228029,-0.049353611265146986,0.01121947113705912,0.03376850597420892,-0.02770121536702752,-0.012692198147032353,-0.7211563707944131,0.026723942839856685,0.01569681462580968,0.019226285048976274,-0.034008636572853065,-0.05488149632194272,215.56814575195312,130.5166778564453,0.4538389228055614,459.48687744140625,118.80278015136719,0.45307417996214494,471.3921203613281,364.19293212890625,0.4498643088927722,225.968994140625,374.44482421875,0.4506290517361886
0.46600000000000036,running,25.811561898017292,10.39016783241188,0.03070471609881794,-0.035693412414967124,0.020665356347919665,-0.7265599894206095,0.03452983007487789,0.006041735759371832,1.4366743788774972,-0.04754953387192498,0.010842970466590683,0.03286840102899537,-0.03472215294331253,-0.012474081611449837,-0.720295609702764,0.026603977073474217,0.01268363727044805,0.0181618045911719,-0.026442205774857494,-0.052611945466784535,214.63270568847656,129.66796875,0.45633363036191255,458.88946533203125,118.5753173828125,0.45197968085717577,470.3497314453125,363.9383850097656,0.4468776094432704,224.6851806640625,373.9228210449219,0.45123155894800715
0.5000000000000003,running,24.800079241730025,10.399580836013431,0.029527547075568608,-0.036834709209106406,0.0208489133406989,-0.7253911392709522,0.03379601616309261,0.00591762349317842,1.435102217159895,-0.046110966586267774,0.010506551696827996,0.03175373699953762,-0.04034759523453231,-0.011586264716233011,-0.7194357589242205,0.02495551866712265,0.0101414451473269,0.0173196208829964,-0.019898257802461253,-0.050338593295967037,213.814208984375,128.9356231689453,0.4577381422859839,458.34375,118.40007019042969,0.4521739408258723,469.326904296875,363.77001953125,0.4449128459378055,223.54583740234375,373.46734619140625,0.4504770473979171
0.5320000000000004,running,23.904969006024167,10.408146408582434,0.028382774338458802,-0.034833678506652845,0.019810171695445737,-0.7243262079666948,0.031150487027264685,0.005243644123533852,1.4336626965112318,-0.044138505463730694,0.010070561928458344,0.030532817635318777,-0.037229961932487274,-0.01205992989334524,-0.7186758700276314,0.026017378797435427,0.010214412745607956,0.016721613630920555,-0.021188748838314675,-0.04926761728907536,213.16964721679688,128.45301818847656,0.45317859074062605,457.6842041015625,118.10031127929688,0.4512625904445347,468.3788146972656,363.6808166503906,0.44892623420773814,222.50994873046875,373.13519287109375,0.4508422345038295
0.5660000000000004,running,22.902185659993336,10.416900098374212,0.027204100692747025,-0.03261112784066346,0.018726634822063822,-0.7232672541437498,0.030991194568048434,0.005476242287232237,1.4322035278743874,-0.042176233020060426,0.009553730305407054,0.029329071475585004,-0.03362658499128607,-0.01027154043747927,-0.7178361364312588,0.022342935308505844,0.010401794270585695,0.01605621283220415,-0.021630597877529113,-0.047027202229179596,212.42308044433594,127.68089294433594,0.452087035801316,457.27069091796875,117.74073028564453,0.4502052112254359,467.3838195800781,363.5885314941406,0.4491676317416163,221.36187744140625,372.5754089355469,0.4510494563174964
0.6000000000000004,running,21.941599349041685,10.425356546384982,0.02609592612998969,-0.032296253590693526,0.018316072154508988,-0.7222364495764895,0.028998869830594885,0.005019942259058972,1.430800111081443,-0.04033628359821193,0.009150533076244638,0.028241351079303763,-0.03538457429341717,-0.010477089143463403,-0.7171117993075404,0.02263839819040723,0.008952126650309956,0.015375803147509826,-0.01885584843661775,-0.04558516470890231,211.56427001953125,127.18527221679688,0.4515151725980014,456.5453796386719,117.58409118652344,0.4507647851236139,466.4017639160156,363.5395202636719,0.44912998428170975,220.24737548828125,372.3303527832031,0.44988037175609724
0.6320000000000005,running,21.072645459718625,10.432937150101795,0.025078662308576485,-0.02989346202382811,0.01722691283997779,-0.7213130824485745,0.032627023135406164,0.006240130551258447,1.42954279959327,-0.040860116063358244,0.009115641486122771,0.027168320380265624,-0.030969613245249748,-0.006996127883589718,-0.7164238083295716,0.015982472322472522,0.009483636627378535,0.014813534151883268,-0.02036993221691194,-0.043819028521794104,210.8399200439453,126.5898208618164,0.4541923507326509,456.2618103027344,117.4770736694336,0.4443163708515956,465.47900390625,363.5019226074219,0.44614448787190814,219.2567138671875,371.78912353515625,0.45602046775296345
0.6660000000000005,running,20.208852394765437,10.44119435223076,0.02406004089340752,-0.030074763517889503,0.01699414622522285,-0.7202580739779106,0.026699342699818152,0.004433121164936054,1.428177600426433,-0.03818807994943554,0.008649367484032965,0.02616561617292929,-0.03360235267226487,-0.010021178906606056,-0.7159033739586604,0.022214688723972868,0.007929437971924403,0.014174193842161046,-0.016029616703604595,-0.041420724229455044,210.30491638183594,126.0693359375,0.4510545437437029,455.55657958984375,117.33456420898438,0.4508806195705866,464.5638427734375,363.50299072265625,0.4487558029139115,218.21044921875,371.5146179199219,0.4489297270870278
0.7000000000000005,running,19.391432998399008,10.448814899527077,0.023057960486058307,-0.028253156418258596,0.01613598535055064,-0.7193208659096105,0.029770753208931047,0.005989315685080775,1.4269240843545186,-0.03600313587070194,0.007983267956466727,0.025083544844749554,-0.030936881443448746,-0.005857720423843044,-0.7151899350224383,0.01273421031252271,0.00792167281495432,0.013663961396104174,-0.016754230601981994,-0.04021843983411892,209.5423583984375,125.51915740966797,0.44843556978531895,455.27081298828125,116.97535705566406,0.4490114264024608,463.7111511230469,363.4424133300781,0.450313990135196,217.29998779296875,371.20367431640625,0.4497381335180542
0.7320000000000005,running,18.62018531305462,10.455724842468424,0.022155026053070508,-0.02523174931425493,0.014695241725753698,-0.7184186035092008,0.02347525683827763,0.003801192313529678,1.4257827547817636,-0.034604537978954096,0.00781560142798653,0.024142000948774306,-0.02431519216767215,-0.009593291952947985,-0.7147961145301933,0.021302312681234285,0.009212687202286518,0.013168463535515174,-0.020143806179169,-0.038515558639695545,208.93487548828125,125.00206756591797,0.4511977715600794,454.6072998046875,116.76775360107422,0.45220421140185096,463.1118469238281,363.4245910644531,0.4471072153812588,216.3997039794922,370.77606201171875,0.44610077553948724
0.7660000000000006,running,17.885152616115896,10.462699594410134,0.021285234717327902,-0.024795024433432934,0.01434856404779939,-0.7175820669995664,0.023330685655110917,0.003899916426710415,1.424654533199973,-0.03346844699326545,0.007529985728043576,0.023352387792402726,-0.024916371670430586,-0.00861524172387966,-0.7141137858662214,0.019294675486913125,0.00840064029704278,0.01253865421552886,-0.01813678046612085,-0.03698207025006227,208.40589904785156,124.50555419921875,0.4505974492133578,454.3048400878906,116.61031341552734,0.4491458688087416,462.3421325683594,363.3472900390625,0.4473602321444004,215.4893341064453,370.4475402832031,0.44881181254901664
0.8000000000000006,running,17.055386980156555,10.469558530166799,0.020453169945067375,-0.025762736603624492,0.014499715790049078,-0.7168010238234604,0.022701210232247346,0.004010469966514052,1.4235449824455835,-0.03132731627366512,0.007028420539412243,0.022549028657014997,-0.02982978435535049,-0.007671436422876685,-0.7134888480466459,0.01681016585746083,0.006179471240230005,0.011965090818311427,-0.012680188230115949,-0.035277515848355416,207.68264770507812,123.93041229248047,0.44943388611238916,453.77655029296875,116.47098541259766,0.45137752046531027,461.48040771484375,363.3335876464844,0.44769630339257865,214.57455444335938,370.2010498046875,0.44575266903965755
0.8320000000000006,running,16.400974432899858,10.475585851451264,0.019653191380718103,-0.022407207801842847,0.013015786444552865,-0.7160886678596785,0.020192999263388984,0.0029874144634074694,1.422562193856681,-0.031420101459160556,0.007098256970504635,0.02164709542286044,-0.021963399189789894,-0.009138244415189324,-0.7129760824837342,0.0208227532330119,0.007959636032064782,0.011582354180768046,-0.016843437029553064,-0.03344151988202451,207.345458984375,123.55868530273438,0.45065779599834155,453.45428466796875,116.39131164550781,0.4485413692041963,460.8065490722656,363.32464599609375,0.4465694121416969,213.69833374023438,369.7436828613281,0.44868583893584213
0.8660000000000007,running,15.748357650295446,10.482019760350582,0.018875962202213242,-0.020746553758191653,0.012210929405355564,-0.7153906560423005,0.0203600688567501,0.0033441920359392986,1.4215323036360263,-0.02974834087894042,0.0066669033774678765,0.020932242161515024,-0.019137680010503824,-0.00776298721761942,-0.7123062727642755,0.017569134101334344,0.008172681289487508,0.011057439186679925,-0.017731335001599326,-0.0322134597871553,206.62403869628906,123.13896942138672,0.4543736759452877,453.1411437988281,116.17801666259766,0.45071654459253063,460.25823974609375,363.284912109375,0.44187178652018805,212.949951171875,369.48565673828125,0.44552891787294513
0.9000000000000007,running,15.107048090977836,10.48822877483136,0.01816748620109613,-0.02186488036748237,0.01246017088770426,-0.7147160646221722,0.01888313233176785,0.0031401121687511004,1.420540794172996,-0.027554702663580084,0.006185473994095146,0.02031271699331346,-0.02397266640441928,-0.0075147163472278605,-0.7117364920730804,0.0165863032320423,0.006149158881415224,0.010500364220420891,-0.01329394240067103,-0.0314590459270281,206.2491455078125,122.64689636230469,0.4452025486811132,452.570556640625,115.89663696289062,0.45226698565954715,459.47119140625,363.25701904296875,0.450322064395434,212.3429718017578,369.3472595214844,0.44325762741700003
0.9320000000000007,running,14.51513562409984,10.493595356118028,0.017490639903441865,-0.01789802031807015,0.010789350109315077,-0.7141162423657518,0.020551380694799615,0.0038039156001226544,1.4196783787729759,-0.027355869041559996,0.006047017722688418,0.019588610737199186,-0.01453531604187112,-0.005587424075240417,-0.7112315667850305,0.012741465331483851,0.008363348871851499,0.01010075900570347,-0.01964277427967704,-0.030667380575772563,205.63987731933594,122.40996551513672,0.44773116641846566,452.35955810546875,115.73204040527344,0.44791337403019643,458.9314270019531,363.19683837890625,0.4477784759971215,211.58306884765625,369.0243225097656,0.44759626838539074
0.9660000000000007,running,13.877641127344436,10.49933690557306,0.016858045991686797,-0.01795650838752344,0.010617958957052247,-0.7134475700083907,0.015274432451064114,0.0020301505124825647,1.4187649904410855,-0.025664099304917122,0.005808264735685019,0.019112286370325422,-0.015974525611531128,-0.008556235235528512,-0.7108176271906126,0.01927526560972425,0.007462460725809899,0.009490533745644174,-0.01654306897642818,-0.028617020794064432,205.33731079101562,121.85208892822266,0.4478487102047984,452.018310546875,115.63972473144531,0.4482912576682105,458.3615417480469,363.1706848144531,0.447254901582744,210.74298095703125,368.6490173339844,0.4468123541193319
1.0000000000000007,running,13.306501236765875,10.504642579638011,0.016258029770230987,-0.019181264811521527,0.01096122465396357,-0.7128929609598323,0.01948746281452533,0.003550899299357365,1.4179289044626509,-0.025851807506900033,0.005715732787177589,0.018598161650173837,-0.02109749175886427,-0.004875813773425991,-0.7101992535180932,0.011558565205377739,0.005377283976162772,0.008965734522375871,-0.012149570830203356,-0.028166890951727752,204.69580078125,121.54010772705078,0.44772274091510234,451.570068359375,115.52838134765625,0.4506263063483657,457.6687316894531,363.0041198730469,0.4472101915225418,210.29806518554688,368.4658203125,0.44430662608927846
1.0320000000000007,running,12.902326580975426,10.509760063732916,0.015667137238032185,-0.018413892099068633,0.010534187630589366,-0.7123175775229602,0.015560626739250275,0.0023250913558709244,1.4171093257877003,-0.024347257322825843,0.005471372697208973,0.017961562864092753,-0.019864506580455372,-0.007173394777522056,-0.709842671068103,0.01625640844599444,0.005407466796957236,0.008600094908655464,-0.0121364484539878,-0.027191956407757338,204.44146728515625,121.30280303955078,0.4485663247827678,451.4053649902344,115.49894714355469,0.44605752061902443,457.3538818359375,363.057373046875,0.4460472689494197,209.6175537109375,368.35308837890625,0.4485560731131631
1.0660000000000007,running,12.278283339196783,10.514797127760273,0.015046886591093359,-0.02068294542472604,0.011284540304113655,-0.7117687400312264,0.017808488241996035,0.0032601080711315237,1.4163104986256478,-0.02352641855396836,0.005205977158545448,0.01731953836099752,-0.027704238623708945,-0.004490587044876043,-0.709320993284773,0.01050160673955658,0.002597076993767133,0.00821799837317661,-0.0044281142338028975,-0.025483131152113647,203.9734344482422,120.73176574707031,0.44841702553054014,451.19305419921875,115.41191101074219,0.44685422309534456,456.64849853515625,362.94305419921875,0.4458206893171552,208.97610473632812,368.0356750488281,0.44738349175235076
1.1000000000000008,running,11.865327490791472,10.51969388840217,0.014377842385255002,-0.01723312350179044,0.009799965930173885,-0.7111968395730126,0.013738200972670757,0.0018299188604867034,1.4155202373071387,-0.022771942642109876,0.005130892767023583,0.016431730005004808,-0.019143179997342226,-0.007106465107081547,-0.7089778161530472,0.016392169622437558,0.004712382274681607,0.008068671978510685,-0.010252414158765957,-0.024765292666518852,203.59201049804688,120.56028747558594,0.45054198570605725,450.76416015625,115.29019165039062,0.45142076576078527,456.36053466796875,362.9368591308594,0.4432731438297744,208.4945526123047,367.760009765625,0.4423943637750464
1.1320000000000008,running,11.30009281681131,10.524117731917952,0.013806692249393748,-0.015426938895416508,0.008956748679453123,-0.7107306104599052,0.013623544119801025,0.001844011740342313,1.4148225645718888,-0.022194732921811285,0.004980431905936578,0.015843577449854523,-0.015506894209141017,-0.006442933239316948,-0.7084835559769684,0.015239842029498499,0.005282288031023282,0.0077723811906743115,-0.012354398297587044,-0.02410828966211137,203.3003692626953,120.26631927490234,0.44409433027423545,450.48773193359375,115.04818725585938,0.44486976252031274,455.6909484863281,362.8154602050781,0.44960448154696936,207.78028869628906,367.5095520019531,0.44882904930089207
1.1660000000000008,running,10.893317069682949,10.528802665827495,0.013273745846282561,-0.017530752144651413,0.009688911352149642,-0.7102729721113457,0.015214718685038956,0.002730710435084634,1.4140879854998483,-0.020544381224946232,0.004536945536771126,0.015340571243986481,-0.02244870777040778,-0.004109736513807115,-0.7079902706825775,0.00966492620568767,0.002898110727386098,0.007386145004545958,-0.0062737407446930085,-0.023346520694091325,202.76844787597656,119.81259155273438,0.44843939583201436,450.3207702636719,114.89460754394531,0.4483691487787084,455.3757019042969,362.7591552734375,0.44462657251589305,207.4256134033203,367.40625,0.444696819569199
1.2000000000000008,running,10.42204417835798,10.533151649102349,0.01270770315741183,-0.016234418851232925,0.009049079359205547,-0.7097861624877658,0.013348781715365823,0.0022844829270676614,1.4133941656186577,-0.019107729380842143,0.004240057809009719,0.01462165613567551,-0.020056906521678863,-0.004750871393641769,-0.7076744322485895,0.010712585974010494,0.003164258630728815,0.007180814674225411,-0.007124896218449892,-0.022376248820905772,202.53372192382812,119.61027526855469,0.4418905374590914,450.10235595703125,114.80670928955078,0.44498455461834213,454.8255310058594,362.80230712890625,0.45057544539560873,206.72364807128906,367.2869567871094,0.447481428236358
1.2320000000000009,running,10.079629175339846,10.536906251099618,0.012187340136239328,-0.014488426263927167,0.008265852663699332,-0.7093556259090363,0.012303422758798975,0.0017852610539610125,1.412798858480142,-0.01942142373913952,0.004336837041765444,0.014010621770787032,-0.016069899083894758,-0.005430786276003262,-0.7073495958407005,0.012730400181971569,0.004006527380420004,0.006970794770396241,-0.009783444061905601,-0.02198929653881739,202.26556396484375,119.42992401123047,0.44297673990567504,449.7033996582031,114.6746597290039,0.4478318517814811,454.46282958984375,362.7449645996094,0.44965872552616354,206.4386444091797,367.07958984375,0.4448036136503575
1.266000000000001,running,9.555084595491735,10.540970073788422,0.01168749029882684,-0.01259005700423835,0.007384854264990555,-0.7089329469808829,0.009692958492574547,0.0009090723461385756,1.4121620947133817,-0.018536905616953554,0.004197178974149033,0.01348899905251358,-0.01195552172795888,-0.006746170300294462,-0.7069397479465725,0.015750140808669398,0.004778184516180142,0.006666213430599926,-0.01142152308187221,-0.020480894129216713,201.7699432373047,119.09341430664062,0.4521905079178228,449.48541259765625,114.62374877929688,0.44922320701035345,454.102783203125,362.6853332519531,0.4399931873711186,205.73582458496094,366.71295166015625,0.4429604882785879
1.300000000000001,running,9.180895250948096,10.544890148057917,0.011249239009688572,-0.015022790426759804,0.008266518884262657,-0.708585268568164,0.01377278133985344,0.002437082548642518,1.4115561938667451,-0.018452261356973813,0.004050746634039451,0.013100151078363043,-0.019694120238165774,-0.003092309522787923,-0.706432853143874,0.007935291040568672,0.0022099955403781383,0.006308743511077003,-0.004579398158933462,-0.019572057918614043,201.55218505859375,118.68338012695312,0.4462300394355706,449.3594055175781,114.56072998046875,0.4474365140566873,453.55120849609375,362.6420593261719,0.4460619866934653,205.4501953125,366.5516357421875,0.44485551207234864
1.332000000000001,running,8.909951005623553,10.54862341218783,0.010799101885790923,-0.014287551602809902,0.007892690328204229,-0.7081907340413913,0.010415180305010364,0.0014327354498910767,1.4109654529894389,-0.016982531908076106,0.0038000943164692926,0.012508159825677719,-0.018294282947309264,-0.005059356391278557,-0.7061864518793348,0.011776875307990712,0.002382874048897531,0.00616425387043386,-0.005213784210392938,-0.019127862145197648,201.38128662109375,118.57963562011719,0.4423425451797975,449.264892578125,114.55894470214844,0.4412766724562112,453.3733825683594,362.668212890625,0.4493088550023702,204.92112731933594,366.4820251464844,0.4503747277259565
1.366000000000001,running,8.522979385781156,10.552180788219786,0.010317314626498491,-0.01333747131683599,0.007422546497867974,-0.7078191593230375,0.01281438254731002,0.0023215876009591418,1.4104082216203142,-0.017068840488033647,0.0037343598271492207,0.01191659543263734,-0.016787579358067954,-0.002944981942366058,-0.7058089051309535,0.007334828559276517,0.0024259977305536957,0.00600092904949828,-0.006025690139637715,-0.01881224176413511,200.9429931640625,118.42156982421875,0.44331203267046554,448.9668884277344,114.47498321533203,0.4414029291052795,452.9153137207031,362.63873291015625,0.44831645776184387,204.57054138183594,366.3639831542969,0.4502255613270299
1.400000000000001,running,8.171404854694977,10.555826358973146,0.009863507585688432,-0.013956725689378134,0.007557748010830041,-0.7074131807012551,0.012105780304780085,0.0021190650490233364,1.4098346296811037,-0.016604402023597895,0.0036446537113058574,0.01137376387415143,-0.019468718250561463,-0.0031743678910996463,-0.7055690803543959,0.007801289342956081,0.0013098506213687147,0.0058122733003216605,-0.0031647396734554648,-0.017995542185256307,200.6374969482422,118.19241333007812,0.44691924093286184,448.66455078125,114.43956756591797,0.4460133700764348,452.5280456542969,362.6560363769531,0.4447153643090781,204.20147705078125,366.3015441894531,0.4456212351655051
1.432000000000001,running,7.841885678326389,10.559113994270467,0.009430704576723273,-0.014788723000116636,0.007782839422946136,-0.7070299146828254,0.006091053486576108,0.0001304412754664485,1.4093167969573375,-0.014680556506902889,0.0033790139805560592,0.01078462850901681,-0.02237617829188769,-0.006898844971737576,-0.7053324523265989,0.015610471590288439,0.0002495979965993528,0.005714819245471436,0.00030130530567427233,-0.016720383134459678,200.5267791748047,117.82026672363281,0.4489612125490109,448.51641845703125,114.36975860595703,0.44711933315296837,452.3585510253906,362.6168212890625,0.4421534299708414,203.6792449951172,366.10089111328125,0.4439953093668839
1.466000000000001,running,7.538678232655495,10.562137113150975,0.008945682306105434,-0.012115547689143687,0.006695260030645713,-0.7067727129157716,0.009500943834534183,0.001234539151389717,1.408847874222896,-0.015503402401018229,0.0034512175576323243,0.010064746356837151,-0.015600346548194309,-0.004081261736307849,-0.7048330597002552,0.010187567544853785,0.0019842032602604013,0.005719839763248237,-0.0041120857769579595,-0.01598924862938384,200.33645629882812,117.59149932861328,0.4476248132764137,448.4263000488281,114.20840454101562,0.44690005842324415,451.9503479003906,362.5525207519531,0.4436286608545237,203.46690368652344,365.75653076171875,0.4443534157076932
1.500000000000001,running,7.163661939573437,10.565492955570026,0.008517440051680581,-0.010132598376032632,0.005833401095154638,-0.7064818857753354,0.012493783710040942,0.002547683877283012,1.4083268475101873,-0.014724510914139467,0.0031573980146635395,0.009555966070060196,-0.011162029209636005,-0.001156811730016982,-0.7045002654376832,0.0034775617996779373,0.002893075556742496,0.005596055304578729,-0.007152333398398958,-0.015670126930610526,199.90625,117.50662231445312,0.441005360349233,448.3323974609375,114.16973114013672,0.4394861737195616,451.5398254394531,362.5815124511719,0.44949711863196995,202.96421813964844,365.63677978515625,0.4510163052616413
1.5320000000000011,running,6.925321211775277,10.568534907293087,0.008179962586183481,-0.009121211326714075,0.0053516266992413245,-0.7061238867727233,0.008896856514497401,0.0012863201637769676,1.4078508989252805,-0.014074522687476183,0.003113364242065893,0.009213645046416247,-0.008948538385772302,-0.003731174229455922,-0.7043904482642374,0.008990382822009146,0.0033097382533159754,0.005388041524312559,-0.00804078326205306,-0.014853038266725266,199.6474609375,117.42633056640625,0.4524160406718342,448.12823486328125,114.154052734375,0.4495333950576391,451.37542724609375,362.5995178222656,0.43770524572852937,202.6259307861328,365.5700988769531,0.44058789134272447
1.5660000000000012,running,6.655444205455612,10.571500278438895,0.007865219718232723,-0.009549475113885816,0.0054479610517830165,-0.7057977493664624,0.007913674161400026,0.0010102658001947618,1.407394667375673,-0.013306948928664911,0.0029610138503306247,0.008923262010859476,-0.01077259872738207,-0.0038797936341875804,-0.7041039876363181,0.00935080812679597,0.002558483372470259,0.005136042932509455,-0.006662847730305723,-0.014866401148537912,199.52244567871094,117.11825561523438,0.44594851897846066,447.8263244628906,113.93170928955078,0.4464307764089241,451.10498046875,362.5481872558594,0.4445151156338175,202.419921875,365.4841613769531,0.4440328582033541
1.6000000000000012,running,6.305039408055654,10.574348780933793,0.007550212350047542,-0.010626500803231933,0.005773104667221295,-0.7055235554016058,0.006217463181566183,0.0005642887662476613,1.4069566187444933,-0.012061216869625838,0.002718993212523858,0.008577129555712779,-0.014611531769656223,-0.004465496538010499,-0.7038018859212639,0.010384019719741663,0.0011538853437344466,0.004924514907120786,-0.002774980070830227,-0.013907241541147496,199.41554260253906,116.79410552978516,0.43979812843397553,447.634765625,113.81802368164062,0.4476929763756628,450.68017578125,362.5511169433594,0.45004324626533027,201.994873046875,365.3914489746094,0.442148398323643
1.6320000000000012,running,6.07115142943495,10.576777695968183,0.007226741796984531,-0.010212883992057662,0.005548870114223468,-0.705314615167321,0.0052090649641585805,0.00033550887200734045,1.406583018143443,-0.011167544943942837,0.0025343138849962393,0.008136404864265496,-0.01403637456261999,-0.004732816165239615,-0.7034867369523621,0.010759646541125087,0.0011180544446959591,0.004837287882221895,-0.002887390971089778,-0.013582608309751752,199.20181274414062,116.6490249633789,0.43959010658304937,447.52734375,113.73481750488281,0.4464271167508219,450.4996337890625,362.5234375,0.44998025088593524,201.67189025878906,365.3167724609375,0.4431432407181627
1.6660000000000013,running,5.883755489257043,10.579183586087524,0.006883018877061351,-0.009010124096817253,0.005039461239999985,-0.7051321733119785,0.007490833156682182,0.0012010578330104724,1.4062145135871578,-0.01119009405297908,0.002460503593478724,0.007682952925064221,-0.011196324531266996,-0.0027449637581239885,-0.7031393547850658,0.006505206904640593,0.0017611510133576829,0.004746530943660384,-0.004985341156573321,-0.01352622632083042,198.86602783203125,116.56244659423828,0.4436731452496037,447.44842529296875,113.68204498291016,0.44477103371068333,450.3588562011719,362.493408203125,0.44598526682977707,201.51319885253906,365.2034912109375,0.44488737836869746
1.7000000000000013,running,5.660906361843741,10.581643635352059,0.006571287255717062,-0.007738522342196913,0.0044879059500394685,-0.7049042049499487,0.008913367859209957,0.0017637222767865547,1.405834939902476,-0.01110733618104783,0.002389854477147944,0.007319426320015576,-0.008244243856797069,-0.0014586918323718856,-0.7029265829726308,0.0037068787246993342,0.002403122100384229,0.004592282263482911,-0.006802927322643383,-0.013098034037327675,198.651611328125,116.49723815917969,0.4421331570664746,447.3661193847656,113.6717529296875,0.4419968003976164,450.0895690917969,362.5204162597656,0.4473356295354881,201.2382049560547,365.1027526855469,0.4474719862043463
1.7320000000000013,running,5.371322845516253,10.583928153982793,0.0063161539003425155,-0.006506345905031094,0.003934469628704343,-0.7046408626431662,0.00878310780358364,0.0017788249178220172,1.4054812676566384,-0.010714366257847155,0.0022957924321637966,0.00706678867679879,-0.005480375038857269,-0.001249356063610439,-0.7028123517246754,0.0032286781160481702,0.0029589847792915744,0.004393048401570604,-0.007773396893594459,-0.011959196036840803,198.54962158203125,116.38307189941406,0.43789327852499976,447.3153381347656,113.66516876220703,0.4415049658861929,449.71533203125,362.5487976074219,0.45113349392895213,200.79222106933594,364.9403381347656,0.447521806567759
1.7660000000000013,running,5.172699364134166,10.586241655497517,0.006086944148284689,-0.0065202465542260855,0.0038882540767495545,-0.7043499242982336,0.007683475528774739,0.0013303133019723977,1.4051241793262188,-0.01068293801173192,0.002322943060336676,0.006887894882251419,-0.005938036984842744,-0.0019561724781845457,-0.7027079139749205,0.005000889305333563,0.0026747570751644726,0.004149570861477572,-0.006817678031440949,-0.011348313567068585,198.45652770996094,116.18718719482422,0.4394188854323716,447.17132568359375,113.65290832519531,0.4420081851624522,449.5191650390625,362.53662109375,0.44978230026543375,200.59144592285156,364.7870178222656,0.44719300053535316
1.8000000000000014,running,4.986040204326054,10.588518733914086,0.005869009215482942,-0.007478594854398398,0.004212637256763423,-0.7040831814421721,0.005994228258166037,0.0007195257592827039,1.4047747659799232,-0.01028663057107145,0.002284135912551751,0.006696705593527316,-0.009005554157849984,-0.0029579740082489796,-0.7025475470604312,0.007294851684445976,0.0016487655908759293,0.003933707418537579,-0.004005706374252741,-0.010874055571333526,198.32672119140625,115.92757415771484,0.44469905683892874,447.0006103515625,113.60403442382812,0.4452830207527786,449.3934020996094,362.50018310546875,0.44465332134316937,200.4397735595703,364.6659851074219,0.4440693574293195
1.8320000000000014,running,4.790980942335222,10.590579255900215,0.005643093138295908,-0.008110116409814941,0.004402197205921898,-0.7038786870579743,0.0038417507043326518,6.863269107238845e-05,1.404460083125917,-0.009252398022252263,0.0021067104457409063,0.00642561332469336,-0.011238052179613336,-0.00409174304550265,-0.7023271562676069,0.009545017315667382,0.0008387703705986889,0.0038114010111646637,-0.0019470661852641954,-0.010517196599792271,198.15444946289062,115.72144317626953,0.44476879304750955,446.8387145996094,113.55319213867188,0.448770949991596,449.2877197265625,362.4763488769531,0.4441493714018038,200.22006225585938,364.56951904296875,0.4401472144577174
1.8660000000000014,running,4.522219696184871,10.592562496787997,0.005379094140416511,-0.006843774310227387,0.0038332941259835752,-0.7037304685762252,0.0037927173043462467,0.00012840896092453265,1.40415947881991,-0.008814720653098537,0.0019995592013912276,0.006064677753061772,-0.008408425800111034,-0.003828893054144771,-0.7020200948731614,0.008887528119224657,0.0014046167249957813,0.003747455068808423,-0.0036525626471793846,-0.010063976216464595,197.88967895507812,115.63798522949219,0.44677950519701065,446.7012023925781,113.5099868774414,0.4480190020223796,449.0208435058594,362.4795227050781,0.4419403424690174,199.85830688476562,364.4784240722656,0.4407008456436485
1.9000000000000015,running,4.3134723563643504,10.594497754487472,0.005139418713229281,-0.006317349612339047,0.003574451866783925,-0.703602906557484,0.006386371538498229,0.0010373877672057443,1.4038670814322112,-0.009244283926289017,0.0020166101692037156,0.005791158887294296,-0.007530094329728936,-0.001831555838932259,-0.7017325288949409,0.00472256618433655,0.0014500363340459214,0.003634657014133881,-0.003975988097850224,-0.009725547892980997,197.69871520996094,115.56771087646484,0.44632057456870206,446.5940856933594,113.48738098144531,0.4460025655722547,448.6966247558594,362.4866943359375,0.4425197855008875,199.65757751464844,364.4300842285156,0.44283779449733485
1.9320000000000015,running,4.204487783805918,10.59643606332264,0.004935683266836961,-0.006473517740271672,0.0036043245057775725,-0.7034265118771214,0.006902204205028539,0.0012409669561355202,1.4035701480279568,-0.009204374022358972,0.0019899073245154292,0.005561849904286122,-0.008279103196053853,-0.0013608744858036145,-0.701586427378603,0.003694440319027813,0.0011245329151096186,0.0035172636415422005,-0.003225679353096738,-0.009550524401340223,197.61380004882812,115.51187133789062,0.4443886691572487,446.5184020996094,113.48674011230469,0.4447615289600811,448.5451354980469,362.4960632324219,0.44447697913428946,199.53952026367188,364.416748046875,0.44410411933145705
1.9660000000000015,running,4.1078873361537385,10.59844435601498,0.004720949910427649,-0.006663463920959141,0.003652540213561625,-0.7032044604228703,0.006699337149252071,0.001195946287477467,1.4032613428104108,-0.009000247640397498,0.001947020769028679,0.005295280857086791,-0.009051540508024569,-0.001382736684548422,-0.7014667715571209,0.0037133306900481835,0.0008170882893167229,0.0034147485811283555,-0.002397691320849691,-0.009313676759115885,197.5340576171875,115.4422378540039,0.44568538458784607,446.47406005859375,113.48028564453125,0.44478521302536267,448.45404052734375,362.4888916015625,0.4430853644504888,199.4153594970703,364.38323974609375,0.4439855360129722
2.0000000000000013,running,3.965620386827743,10.600386570884666,0.004500622903236934,-0.007159506435288535,0.003806533004307038,-0.70298059185772,0.004705440071738862,0.0005761752869392824,1.402962770651742,-0.008183148044138208,0.0018158610149824228,0.005003759525425851,-0.01075839748940251,-0.0025655037514420165,-0.7013469535403466,0.00607111575684719,0.00021230790920599056,0.0033381995094737666,-0.0006356875869242447,-0.008853335466039274,197.4590606689453,115.31788635253906,0.44793592973781193,446.4249572753906,113.45874786376953,0.44479196338869936,448.3597717285156,362.4798889160156,0.44051239472940606,199.1748504638672,364.34930419921875,0.44365636107851864
2.031999999999998,running,3.7833998509483773,10.60202931595853,0.004280615080227613,-0.007222665204632313,0.003785535772703177,-0.7028158759769028,0.0021013856382406733,-0.00023875375911854534,1.4027125013692339,-0.007107687520327678,0.0016418336923440546,0.004678322391746315,-0.011299383445518325,-0.004055576792174022,-0.7011638798062889,0.009087140392566074,-7.18004807851e-05,0.0033170956861628877,0.000439628195350112,-0.008188132807866493,197.37826538085938,115.14175415039062,0.4491141858767885,446.37939453125,113.4128646850586,0.44575678310288797,448.251708984375,362.4576416015625,0.4389367560459649,198.88023376464844,364.2377624511719,0.4422941588198654
2.065999999999994,running,3.5796579273657883,10.603550306321708,0.004040677433510493,-0.0073868804921885575,0.0038083641359079393,-0.7027212813313585,0.002933252103467836,0.00010824287724068822,1.4024846712531411,-0.006829637415202705,0.0015476926635027014,0.004314073403378278,-0.012186298185333172,-0.0030533534901935424,-0.7008720757814009,0.006972287847155869,-0.0004753553522377225,0.0033295488263950473,0.0017829784223879971,-0.007528037874921999,197.2620391845703,114.91670227050781,0.44853974183449574,446.3453674316406,113.35169219970703,0.44502330597869477,448.02490234375,362.4433288574219,0.439395860823245,198.67578125,364.09930419921875,0.44291229667904597
2.0999999999999903,running,3.419613647894055,10.605067761302402,0.003795946520250828,-0.007391075100650698,0.0037755227395209192,-0.7026301569364987,0.006195167501206143,0.0013156589870248715,1.4022552757447728,-0.007037255318429445,0.0014915331226145214,0.003921491274419327,-0.012624726560381699,-0.0003776345192818578,-0.7006453528458069,0.0012393713701221547,-0.0007503140278220456,0.0033839480028730606,0.002366539530298508,-0.007289457678496992,197.10525512695312,114.79068756103516,0.4415785613634956,446.2908020019531,113.3262939453125,0.44303948258317105,447.7671813964844,362.4572448730469,0.4464498875531534,198.58615112304688,364.0224304199219,0.44498896633347795
2.131999999999987,running,3.305740062958626,10.606565958503875,0.0035641197953845925,-0.00720382341230222,0.0036680749958424488,-0.702467734979796,0.007848415699729393,0.0019289382940277768,1.4020229915318219,-0.007184924948540442,0.0014722823013938904,0.0035383720332510028,-0.012465235678434688,0.0009084897508644981,-0.7006041050640065,-0.0015552225563515286,-0.0008344288289704998,0.0034533157612057067,0.002396457216125831,-0.007141615064440784,196.9182891845703,114.75957489013672,0.444623982510148,446.20770263671875,113.33911895751953,0.4453612863992035,447.62109375,362.48309326171875,0.4433418991254048,198.4936981201172,364.01287841796875,0.44260459523634926
2.165999999999983,running,3.1778072537310735,10.608138486917715,0.0033221973412912043,-0.0066167834654742375,0.003400702249393601,-0.7022258754900038,0.007470277032840709,0.0018251784680270093,1.4017764760068716,-0.006939185905693364,0.0014235850121053005,0.0031359550316190357,-0.01116335799115465,0.0007732274959063885,-0.7006529208621798,-0.0012903757564816458,-0.0005825924506915614,0.0035287203527529297,0.0015929485765282135,-0.006948872880636763,196.77662658691406,114.69598388671875,0.4446158052013276,446.09149169921875,113.32234954833984,0.44762032838791643,447.5130615234375,362.4962158203125,0.4431511184347874,198.35794067382812,363.9468078613281,0.44014659524819855
2.1999999999999793,running,3.0353574778059227,10.609612619904368,0.0030960263138589588,-0.00502539342316896,0.002737352408467476,-0.7019758848786761,0.005021209429406364,0.0009588698399248235,1.401546018190347,-0.006458066360313449,0.0013848367557851018,0.002774666954516182,-0.007028774874852203,-0.0008947973407548146,-0.700694871424898,0.0023440528266007185,0.0004933975491570519,0.0035799006709021637,-0.0014249275587861062,-0.006800791239064167,196.67355346679688,114.64689636230469,0.44558940446539785,445.94818115234375,113.25920104980469,0.44851879484668705,447.4444274902344,362.48193359375,0.4420183505325683,198.15357971191406,363.8274230957031,0.43908896015127913
2.231999999999976,running,2.871273607479404,10.610876159890811,0.002923364645164417,-0.0030938516533458296,0.0019383838347465177,-0.7017957523735304,0.0015449743369475764,-0.0002649040685072674,1.4013528411055725,-0.005738018537002769,0.0013227908948900686,0.002557957682614676,-0.001947351519087765,-0.0032492022034101425,-0.7006258597885081,0.007454567928101052,0.0018417866004437615,0.0035415601460448997,-0.005041692046534336,-0.006526836099960694,196.614013671875,114.57744598388672,0.4469039112828445,445.81671142578125,113.15962982177734,0.4482770056924183,447.36322021484375,362.447265625,0.4405805442403959,197.88319396972656,363.6796875,0.4392074498308221
2.265999999999972,running,2.729996579125804,10.612076882184374,0.002801236816743234,-0.0014908722086312712,0.0012771786658832278,-0.7017092259660017,-0.0003186873498499737,-0.0008943222325810751,1.401175985847843,-0.005157605716068017,0.0012425129047452385,0.0024912315731110903,0.002260866262483746,-0.004338006025658097,-0.7003880437628532,0.009826785170487625,0.00295273456658133,0.0033874890449859243,-0.008152916803464682,-0.006417058358750068,196.53814697265625,114.48783111572266,0.4470208076612347,445.7071838378906,113.02039337158203,0.4476423630702868,447.2754211425781,362.4071350097656,0.44037748611250943,197.69857788085938,363.56805419921875,0.4397559307034573
2.2999999999999683,running,2.618964532972557,10.613211748579797,0.002735550679926713,-0.0007442011257125982,0.0009591105147836879,-0.7016995115411913,0.0005570190614453774,-0.000609264640389622,1.4010126963586838,-0.005342948284706797,0.0012575542321867997,0.002561020102599205,0.004097165054194218,-0.0035948993258000184,-0.7000718673089367,0.008392607491110773,0.003386377998455625,0.0031348229951895412,-0.009443475050111623,-0.00630288281200788,196.4744110107422,114.4113540649414,0.44540387757688377,445.6226806640625,112.93226623535156,0.4456318633666279,447.11474609375,362.39306640625,0.4421802860814256,197.6195831298828,363.5166931152344,0.4419523002916815
2.3319999999999648,running,2.524415828387862,10.6143672668481,0.002704430929299961,-0.0007527781029825198,0.000938242878808164,-0.7016880002450775,0.002156237217504964,-6.968448062830731e-05,1.4008445508208605,-0.005715945219084235,0.001295134713725399,0.002684144050359047,0.0038223820779122735,-0.002427279983119854,-0.6998157808394514,0.00599752580278752,0.0032148651890637463,0.00285667505772312,-0.008987464650869284,-0.006058057608024908,196.41844177246094,114.35830688476562,0.4468922839889975,445.5751037597656,112.92376708984375,0.4410304174359029,446.9272155761719,362.4073486328125,0.4406995099863179,197.5489044189453,363.514892578125,0.4465613765394125
2.365999999999961,running,2.4395011570929745,10.615683616976394,0.002678869479032677,-0.001420119303637855,0.0011745125377419273,-0.701631542825563,0.003576205849573495,0.0004633219763423412,1.4006497142986594,-0.005789029127024267,0.0012677554492252323,0.0028078179945102352,0.001695585282113755,-0.0012864375085652252,-0.6996207833707713,0.0035086844601758594,0.002510869352388481,0.002573148429282521,-0.007095700256632284,-0.005795460530792709,196.35926818847656,114.2989501953125,0.4390730511449102,445.5375671386719,112.93177032470703,0.4460789550762255,446.7650146484375,362.42999267578125,0.44837366648818494,197.4845428466797,363.51409912109375,0.4413677625568696
2.3999999999999573,running,2.3609989400382068,10.617002667088448,0.002637669970489894,-0.0018046351728425083,0.0013036893298953149,-0.7015277794764954,0.004127349710503729,0.0006957528728710135,1.400451414364455,-0.005677866522521456,0.001223941537396411,0.002864269539543102,0.00040978249650274953,-0.0007619751532393566,-0.6995061139091403,0.0023212594940062955,0.0020670985445066545,0.002347331067616628,-0.005875379123816443,-0.005560164886397394,196.29624938964844,114.23512268066406,0.43862192975840025,445.5092468261719,112.93475341796875,0.44642531521728346,446.6576232910156,362.4432373046875,0.44871240780864446,197.40219116210938,363.5041809082031,0.44090902234976126
2.4319999999999538,running,2.278408799347387,10.618195687652808,0.002584881883597151,-0.0021845065970689335,0.0014314785831609908,-0.7014055808303671,0.00425426609264649,0.000812590289453912,1.4002707839165214,-0.005313425604250817,0.0011332524607846704,0.002877750385128427,-0.0008543374749382321,-0.00045192687790119365,-0.6994349621507738,0.0015194341696060068,0.0016332673328663888,0.0021716750884884085,-0.004700943290872842,-0.005354082969355999,196.21693420410156,114.15562438964844,0.4386803830754381,445.49395751953125,112.92432403564453,0.44626929631858836,446.58349609375,362.4447021484375,0.44852428585933835,197.3003692626953,363.4875183105469,0.4409353726161881
2.46599999999995,running,2.176552133386161,10.619369226636957,0.0025158111270540237,-0.00245380349245139,0.0015108855666615259,-0.7012670399151537,0.003722221902083469,0.0007272502978121031,1.400092216445079,-0.004675639060513599,0.0009982800664876897,0.0028511895809378673,-0.0018458513798402221,-0.000541299248168184,-0.6993854347997462,0.0015026137168269566,0.0012645845165664396,0.0020221709476838023,-0.003737710962368451,-0.005149939847685216,196.11941528320312,114.05905151367188,0.43890868936044813,445.4677734375,112.89633178710938,0.44581121531971113,446.5201416015625,362.4440002441406,0.4481162876327027,197.15667724609375,363.46563720703125,0.44121376167343973
2.4999999999999463,running,2.061507156727697,10.62039141416927,0.0024366812862016292,-0.00269472905971179,0.0015763472668122208,-0.7011400027840077,0.002587247812886224,0.0004406505894476939,1.399936693613862,-0.0038637633857195406,0.0008410425955734395,0.002792420466347736,-0.0027746654622135014,-0.0010287337359852935,-0.6993368551075562,0.0023126830555809026,0.0009078189560978424,0.0019032623754941301,-0.0027882445579105494,-0.0049108362343457165,196.01541137695312,113.9478759765625,0.4396402436405411,445.4410705566406,112.86567687988281,0.44465015354117915,446.4709777832031,362.4356994628906,0.4472125178506179,196.9763946533203,363.4273986816406,0.44220260794997984
2.5319999999999427,running,1.97058249146796,10.62117964108546,0.0023544533393437257,-0.0029863176821912697,0.001669424173503574,-0.7010499191771319,0.0017966152283342652,0.00024347095518140508,1.3998176777626123,-0.00325831032908983,0.000722092006789653,0.002708898474744348,-0.003779160433396604,-0.0013177158508544684,-0.6992669640831158,0.0027865320296484057,0.0005530499335635841,0.0018194253055362469,-0.0018181675878748472,-0.0047093950244344995,195.94143676757812,113.83846282958984,0.44022530818673655,445.4212341308594,112.8269271850586,0.4440730831917532,446.4298095703125,362.4198303222656,0.4464739085204097,196.85031127929688,363.38494873046875,0.44262613351539304
2.565999999999939,running,1.8907963667824756,10.621889915997377,0.002257738382713726,-0.002993256603344703,0.0016524042623501092,-0.7009830448639418,0.0014330615361799702,0.00015739761481368595,1.3997111203767953,-0.002939591222549949,0.0006575618107967337,0.0025877293417988414,-0.0039784999357428555,-0.0014082549636511277,-0.6991771171880589,0.00292138964480009,0.00043206348255793393,0.0017609380195351741,-0.00152146273541414,-0.004565363538365627,195.8599395751953,113.76753234863281,0.44534144038869017,445.3948059082031,112.79488372802734,0.44203267355539966,446.38232421875,362.4056701660156,0.44125177503515045,196.7438507080078,363.35186767578125,0.44456054186844096
2.5999999999999353,running,1.8309215591195158,10.622537409344508,0.002158144985480845,-0.003243365777302438,0.0017339746860706145,-0.7009319622829454,0.0013159073265816019,0.0001739789329682918,1.3996143525604967,-0.002604408129740485,0.0005814583742604941,0.0024594912868013325,-0.004833734019153227,-0.0013127533342752902,-0.699082776966827,0.0026075125077543344,0.00013235468462166508,0.001712657662628115,-0.0007889920508770873,-0.0044881645621947155,195.7874298095703,113.7113037109375,0.44421924653675915,445.3688659667969,112.77870178222656,0.44338402910742825,446.3453369140625,362.3960876464844,0.44228463547554697,196.67103576660156,363.3337707519531,0.4431198529048779
2.6319999999999317,running,1.7903162762200924,10.623084472803958,0.002058678650743476,-0.003359947984277632,0.0017689190032604669,-0.7008902245220651,0.0016173116005836511,0.0003174145392979798,1.3995324372884659,-0.0024544096515056956,0.0005360232833765696,0.00231334627708538,-0.00526766190733072,-0.0009704055931235648,-0.6990032779201216,0.001813359445016985,-2.968628278934176e-05,0.0016883377795299703,-0.0004157563334958982,-0.004448039860326179,195.73597717285156,113.67135620117188,0.44307451123506336,445.35101318359375,112.76229858398438,0.44392011267656944,446.3057861328125,362.39398193359375,0.4433633327512688,196.6357879638672,363.3253479003906,0.44251773130976274
2.665999999999928,running,1.740759620355128,10.623634912894278,0.0019478944548006495,-0.0031109890065067446,0.0016591451232087842,-0.7008397536887295,0.0024758475732597988,0.0006186927023625598,1.3994492593663552,-0.002596544054422005,0.0005421664839853938,0.0021436664119148918,-0.004696085520586626,-0.0003087995491540081,-0.6989442160735508,0.0004347622370110581,8.955920339274634e-05,0.0016747689658706472,-0.0007394708899661861,-0.004335317047533208,195.68402099609375,113.6546401977539,0.4438035738940379,445.3394775390625,112.75796508789062,0.44332122396534235,446.2284851074219,362.3948974609375,0.44263739998358953,196.59254455566406,363.2999267578125,0.4431197499122851
2.6999999999999242,running,1.6869054409288602,10.624215986715274,0.001841917416069334,-0.0028880050498581314,0.0015583083736367721,-0.7007656963707523,0.0032413640004080348,0.0008925066211456036,1.399360036614196,-0.002699889959869425,0.0005420589176675637,0.001991654025632826,-0.004205977969992805,0.0002898906525007754,-0.6989293604606767,-0.0008265999664526474,0.00018202618319390092,0.0016519048361802345,-0.0009320680374505798,-0.004153558430058688,195.65867614746094,113.63365936279297,0.44012706497000387,445.32391357421875,112.75518798828125,0.4433318219854382,446.1259765625,362.4052734375,0.4462861920699249,196.5425262451172,363.278564453125,0.4430814350544906
2.7319999999999207,running,1.6323360346951066,10.624777325239728,0.0017491122482475507,-0.00268963001157312,0.0014658640030108827,-0.700672031314985,0.004147730199096482,0.001199740191376265,1.3992726656616892,-0.0029105165631365293,0.0005630104230821603,0.0018635232111558855,-0.003795871756982297,0.0009504707941469947,-0.6989537540596185,-0.002183330873910526,0.00024734394136709074,0.0016245344775377769,-0.0010451375608365836,-0.003953394319967431,195.62779235839844,113.61129760742188,0.43907650525417535,445.2954406738281,112.7563705444336,0.44443515370793646,446.0149841308594,362.4230041503906,0.44730433658695706,196.50282287597656,363.2596435546875,0.44194568813319596
2.765999999999917,running,1.567965265467054,10.625410716549125,0.001657440611344162,-0.002558355015654065,0.0013963497242755743,-0.7005430929743391,0.0047783264813123765,0.001398684326091274,1.3991727889140648,-0.0031187296430487724,0.0005920981324974085,0.0017407116134788019,-0.0035992715012761046,0.001395105922259015,-0.6990234862031489,-0.0030507587707403637,0.000242151280371281,0.0015917760934895863,-0.0009724147876991811,-0.0037304411826747895,195.6051483154297,113.58627319335938,0.4378019883003721,445.25543212890625,112.75272369384766,0.44506389487646514,445.8905334472656,362.4323425292969,0.4485308114704497,196.4429931640625,363.2381286621094,0.44126890489435666
2.7999999999999132,running,1.5001507368461837,10.626075774729424,0.0015707981980985048,-0.0021871181607614754,0.0012325306646611255,-0.7003903884822362,0.005040893383194231,0.0014739400598602465,1.3990671754144905,-0.00322758752566849,0.0006090425895588746,0.001624416862807985,-0.0027281705231666305,0.001591849547260781,-0.6991215196224306,-0.0034015997344289807,0.0004310832673766528,0.0015610680821859064,-0.0014390083091686528,-0.0035300742150179264,195.5712432861328,113.5647201538086,0.43717445868813376,445.2158508300781,112.74441528320312,0.44508414330762497,445.7874755859375,362.4366149902344,0.449137332921667,196.36476135253906,363.2023010253906,0.4412276483021758
2.8319999999999097,running,1.4355857332610154,10.626714524336537,0.0014986548503785231,-0.0012001049918419111,0.0008305177461041474,-0.7002351282938454,0.0046321468610991,0.0012688003699776378,1.3989655707429032,-0.0034258498132623753,0.0006685242967308279,0.001540885261250717,-9.387181076653608e-05,0.0012084173495756864,-0.699224696862537,-0.0024114423804363614,0.0011393918541153236,0.001519029464174912,-0.003363531581459775,-0.003437248456350281,195.5447998046875,113.53804779052734,0.448997229605929,445.1739501953125,112.72695922851562,0.439818729677393,445.7040100097656,362.4352111816406,0.43727125547893664,196.28240966796875,363.1683044433594,0.44644975540747267
2.865999999999906,running,1.3510376323172792,10.62742242821244,0.0014491972573646295,-0.0007078733442052853,0.0006165626227334481,-0.7000763687670137,0.0036918983467947282,0.0009331911284901891,1.398854492822755,-0.003230395771970917,0.0006516696425140959,0.001535824147150636,0.0011034412456269833,0.0005924538323641387,-0.6993031940477493,-0.0010510455331724726,0.0014180563130584438,0.0014156145416278428,-0.004052941009039024,-0.003209416299255094,195.50990295410156,113.49787139892578,0.44917669302849594,445.1242980957031,112.70213317871094,0.44040230111980433,445.63214111328125,362.4181823730469,0.4370746823885464,196.1582489013672,363.1031494140625,0.445849074297238
2.899999999999902,running,1.2669059493758992,10.628091840358628,0.0014204676537072829,0.00022852251343772782,0.00022962745739335544,-0.6999440613625484,0.002263909366145931,0.0004263111348637487,1.398750940504146,-0.0029447616270556185,0.0006289442657040633,0.0015705666935195584,0.003559585497799093,-0.00037847745458010674,-0.6993378784319599,0.0010617012167612912,0.002062902276202344,0.001288906963489003,-0.005698816899636241,-0.002974110924498144,195.48194885253906,113.4692611694336,0.44931144916934285,445.06976318359375,112.66968536376953,0.4412294246920771,445.575439453125,362.4064636230469,0.4369279795771879,196.02101135253906,363.0198059082031,0.4450100040544536
2.9319999999998987,running,1.2044858607591409,10.628666372540645,0.0014186910828878814,0.00037225241924403456,0.00015815053019758865,-0.6998589725292077,0.0013739482300778576,9.891887751000935e-05,1.398664403802561,-0.0028052353642328462,0.0006242200370361604,0.0016768191650133068,0.0038344146672496804,-0.0009840923769640058,-0.699306819554129,0.00241718721212871,0.002095605913655166,0.0011221679394071594,-0.005722069910106938,-0.0027860480324801568,195.46633911132812,113.41929626464844,0.4491774784310223,445.0229797363281,112.65646362304688,0.44136755659559074,445.5295715332031,362.3911437988281,0.43707919865818157,195.93658447265625,362.96246337890625,0.4448891204936131
2.965999999999895,running,1.133787911567609,10.629266266945432,0.0014291549489383378,0.0009856155810770808,-9.74759974358354e-05,-0.6998030780477765,0.00038455029846454393,-0.0002584091762005848,1.3985756541745002,-0.0026134920194870372,0.000609937422379364,0.0018004325534889797,0.005425060849471463,-0.0016326111986940933,-0.6992294508973108,0.0038624307288248087,0.00250512573006,0.0009420573999994289,-0.006718542720543748,-0.0025636710701881934,195.43446350097656,113.37175750732422,0.4485128976081624,444.9796447753906,112.64124298095703,0.4422481233578182,445.49554443359375,362.38177490234375,0.4378076268581572,195.8367919921875,362.8653869628906,0.4440724011085014
2.999999999999891,running,1.0769105372781027,10.62983765250092,0.001456156567603948,0.0010849876490141332,-0.0001507959655971502,-0.6997799409166938,-0.0004763766854579154,-0.0005667141769553317,1.3984930957567645,-0.0024346667203276853,0.0005947932860421478,0.0019743264325185407,0.00558321719463006,-0.0021960730546109882,-0.6991055325234209,0.005107136500220416,0.0025057688133410753,0.0007318275843525251,-0.006733142449845639,-0.002455691917082942,195.3995361328125,113.32318115234375,0.44782143390378604,444.9282531738281,112.62765502929688,0.44279256506588227,445.47296142578125,362.3634948730469,0.4385398344623901,195.7632293701172,362.8064880371094,0.44356870330029385
3.0319999999998877,running,1.032520475975577,10.630350185939363,0.0014889413366610943,0.00119409271973536,-0.00020372731112607966,-0.6997859407856485,-0.0008957027855742357,-0.0007059985363986775,1.3984206346948593,-0.0022811966375124613,0.0005713982815602994,0.002143861124424145,0.0058020728900971185,-0.002424037602537043,-0.6989510275460695,0.005600131844164681,0.0025357017228366217,0.0005323451489034749,-0.0067934022884923355,-0.0023472250310401775,195.37196350097656,113.27571868896484,0.4471531636167432,444.89788818359375,112.6131362915039,0.4429253389519186,445.4488525390625,362.3611145019531,0.43921914242844207,195.71240234375,362.7642822265625,0.44344696709326664
3.065999999999884,running,0.9932028482637725,,0.001527626710857121,0.0,0.0,-0.6998110280787113,0.0,0.0,1.3983468394715317,0.0,0.0,0.002330993245813187,0.0,0.0,-0.6987704368434444,0.0,0.0,0.00031855556226625985,0.0,0.0,195.34799194335938,113.22501373291016,,444.86932373046875,112.60492706298828,,445.42706298828125,362.3549499511719,,195.66989135742188,362.7353820800781,
3.09999999999988,running,1.0148312808832178,10.630964436467918,0.0015382050687848456,0.0009338609007180513,-0.0001080271856770819,-0.6998263067155948,-0.0011779432465989445,-0.0007852618918379136,1.3983338174620277,-0.0021388569927125005,0.0005464662424227042,0.002336024303053662,0.005019908402872491,-0.0026002792133867528,-0.6987663235719479,0.00591590925754392,0.0022906957724815056,0.00030980510388390736,-0.006138608467536833,-0.0022901129289310557,195.36019897460938,113.26237487792969,0.44725170818883786,444.8875427246094,112.6225357055664,0.4428756951660697,445.4344482421875,362.3681335449219,0.43907160586158167,195.67730712890625,362.7767639160156,0.4434476188843498
3.1319999999998767,running,0.9680937517881413,,0.0015599259428091567,0.0,0.0,-0.6998472483749333,0.0,0.0,1.3982797930156985,0.0,0.0,0.002484085914159435,0.0,0.0,-0.6985910486508793,0.0,0.0,0.0001358285148147396,0.0,0.0,195.31712341308594,113.19412231445312,,444.8590393066406,112.60603332519531,,445.40899658203125,362.3531494140625,,195.6498260498047,362.72320556640625,
3.165999999999873,running,0.9847635297018146,,0.0015676642047349918,0.0,0.0,-0.6998632134257003,0.0,0.0,1.3982671798887907,0.0,0.0,0.0024885179198097466,0.0,0.0,-0.6985865952849952,0.0,0.0,0.00012792040298231707,0.0,0.0,195.32347106933594,113.22695922851562,,444.86663818359375,112.62089538574219,,445.4142761230469,362.36383056640625,,195.65402221679688,362.76434326171875,
3.199999999999869,running,0.9859749248507408,,0.0015680771092678757,0.0,0.0,-0.6998650777816118,0.0,0.0,1.3982660792925674,0.0,0.0,0.0024884924088700512,0.0,0.0,-0.6985867680442464,0.0,0.0,0.00012792038907972702,0.0,0.0,195.322998046875,113.23224639892578,,444.8635559082031,112.61974334716797,,445.4150695800781,362.3646545410156,,195.65301513671875,362.7701110839844,
3.2319999999998656,running,0.9859236210723596,,0.0015680992374782414,0.0,0.0,-0.6998652797096392,0.0,0.0,1.398265960108035,0.0,0.0,0.002488491028469712,0.0,0.0,-0.698586786757554,0.0,0.0,0.0001279203885798775,0.0,0.0,195.322998046875,113.23224639892578,,444.8635559082031,112.61974334716797,,445.41485595703125,362.3648681640625,,195.65301513671875,362.7701110839844,
3.265999999999862,running,0.9859236210723596,,0.0015681006760945493,0.0,0.0,-0.6998653054860239,0.0,0.0,1.3982659448940182,0.0,0.0,0.0024884909370858537,0.0,0.0,-0.6985867891465812,0.0,0.0,0.00012792038856356818,0.0,0.0,195.322998046875,113.23224639892578,,444.8635559082031,112.61974334716797,,445.41485595703125,362.3648681640625,,195.65301513671875,362.7701110839844,
3.299999999999858,running,0.9859236210723596,,0.0015681007540617811,0.0,0.0,-0.6998653083264839,0.0,0.0,1.3982659432174942,0.0,0.0,0.002488490931946031,0.0,0.0,-0.6985867894098573,0.0,0.0,0.0001279203885645316,0.0,0.0,195.322998046875,113.23224639892578,,444.8635559082031,112.61974334716797,,445.41485595703125,362.3648681640625,,195.65301513671875,362.7701110839844,
3.3319999999998546,running,0.9859236210723596,,0.001568100758244497,0.0,0.0,-0.6998653086341217,0.0,0.0,1.3982659430359174,0.0,0.0,0.0024884909316501614,0.0,0.0,-0.6985867894383723,0.0,0.0,0.000127920388564782,0.0,0.0,195.322998046875,113.23224639892578,,444.8635559082031,112.61974334716797,,445.41485595703125,362.3648681640625,,195.65301513671875,362.7701110839844,
3.365999999999851,running,0.9859236210723596,,0.0015681007585169637,0.0,0.0,-0.6998653086733918,0.0,0.0,1.3982659430127389,0.0,0.0,0.0024884909316283945,0.0,0.0,-0.6985867894420122,0.0,0.0,0.0001279203885648229,0.0,0.0,195.322998046875,113.23224639892578,,444.8635559082031,112.61974334716797,,445.41485595703125,362.3648681640625,,195.65301513671875,362.7701110839844,
3.399999999999847,running,0.9859236210723596,,0.0015681007585317912,0.0,0.0,-0.6998653086777191,0.0,0.0,1.3982659430101847,0.0,0.0,0.002488490931626926,0.0,0.0,-0.6985867894424134,0.0,0.0,0.0001279203885648279,0.0,0.0,195.322998046875,113.23224639892578,,444.8635559082031,112.61974334716797,,445.41485595703125,362.3648681640625,,195.65301513671875,362.7701110839844,
3.4319999999998436,running,0.9859236210723596,,0.0015681007585325933,0.0,0.0,-0.699865308678188,0.0,0.0,1.398265943009908,0.0,0.0,0.002488490931626815,0.0,0.0,-0.6985867894424567,0.0,0.0,0.0001279203885648285,0.0,0.0,195.322998046875,113.23224639892578,,444.8635559082031,112.61974334716797,,445.41485595703125,362.3648681640625,,195.65301513671875,362.7701110839844,
3.46599999999984,running,0.9859236210723596,,0.0015681007585326462,0.0,0.0,-0.6998653086782481,0.0,0.0,1.3982659430098723,0.0,0.0,0.002488490931626804,0.0,0.0,-0.6985867894424622,0.0,0.0,0.0001279203885648285,0.0,0.0,195.322998046875,113.23224639892578,,444.8635559082031,112.61974334716797,,445.41485595703125,362.3648681640625,,195.65301513671875,362.7701110839844,
3.499999999999836,running,0.9859236210723596,,0.0015681007585326488,0.0,0.0,-0.6998653086782548,0.0,0.0,1.3982659430098685,0.0,0.0,0.002488490931626804,0.0,0.0,-0.6985867894424627,0.0,0.0,0.0001279203885648285,0.0,0.0,195.322998046875,113.23224639892578,,444.8635559082031,112.61974334716797,,445.41485595703125,362.3648681640625,,195.65301513671875,362.7701110839844,
3.5319999999998326,running,0.9859236210723596,,0.0015681007585326488,0.0,0.0,-0.6998653086782554,0.0,0.0,1.3982659430098685,0.0,0.0,0.002488490931626804,0.0,0.0,-0.6985867894424627,0.0,0.0,0.0001279203885648285,0.0,0.0,195.322998046875,113.23224639892578,,444.8635559082031,112.61974334716797,,445.41485595703125,362.3648681640625,,195.65301513671875,362.7701110839844,
3.565999999999829,running,0.9859236210723596,,0.0015681007585326488,0.0,0.0,-0.6998653086782554,0.0,0.0,1.3982659430098685,0.0,0.0,0.002488490931626804,0.0,0.0,-0.6985867894424627,0.0,0.0,0.0001279203885648285,0.0,0.0,195.322998046875,113.23224639892578,,444.8635559082031,112.61974334716797,,445.41485595703125,362.3648681640625,,195.65301513671875,362.7701110839844,
3.599999999999825,running,0.9859236210723596,,0.0015681007585326488,0.0,0.0,-0.6998653086782554,0.0,0.0,1.3982659430098685,0.0,0.0,0.002488490931626804,0.0,0.0,-0.6985867894424627,0.0,0.0,0.0001279203885648285,0.0,0.0,195.322998046875,113.23224639892578,,444.8635559082031,112.61974334716797,,445.41485595703125,362.3648681640625,,195.65301513671875,362.7701110839844,
3.6319999999998216,converged,0.9859236210723596,,0.0015681007585326488,0.0,0.0,-0.6998653086782554,0.0,0.0,1.3982659430098685,0.0,0.0,0.002488490931626804,0.0,0.0,-0.6985867894424627,0.0,0.0,0.0001279203885648285,0.0,0.0,195.322998046875,113.23224639892578,,444.8635559082031,112.61974334716797,,445.41485595703125,362.3648681640625,,195.65301513671875,362.7701110839844,
