trial_id,profile,outcome,initial_detected,initial_in_frame_ground_truth,initial_error_px,terminal_error_px,final_error_px,peak_error_px,peak_error_increase_pct,terminal_time_s,settling_time_s,observed_time_s,sample_count,max_joint_condition,max_command_rad_s,wall_time_s,initial_camera_position_m,offset_degrees
1,medium,initial_out_of_view,False,False,,,,,,0.0,,0.0,1,10.898052857942403,0.0,0.006300899898633361,"[0.6607778255668839, -1.9647163299581997e-05, 0.15997174801625616]","[-0.8130658685452481, 3.605923598707337, 5.845410233766206, -5.816519679560218, 7.104223377612421, -7.12241880234488]"
2,large,initial_out_of_view,False,False,,,,,,0.0,,0.0,1,10.472045367642309,0.0,0.003274699905887246,"[0.6545462611880569, 0.024748808853171503, 0.10445373204410617]","[-1.2780489390141838, 13.987565757947603, 2.73655223997989, -17.88614405484045, -8.895292002893784, -13.414636810741886]"
3,medium,converged,True,True,53.76506042480469,0.948555588722229,0.948555588722229,53.76506042480469,0.0,3.7319999999998106,3.2319999999998656,4.731999999999701,143,11.441005416285103,0.15398795399664883,1.2976993001066148,"[0.7204807238272942, 0.03206050480054776, 0.2893724727050223]","[2.8717161482197646, 0.5131953458820373, -5.8431355255964545, 2.491762690898515, 6.532682785629813, -7.251546253014333]"
4,medium,converged,True,True,99.37472534179688,0.9673828482627869,0.9673828482627869,99.37472534179688,0.0,4.331999999999745,3.8319999999997996,5.331999999999635,161,10.634381710813201,0.1983167327852044,1.4670659000985324,"[0.6582101528793405, 0.06764081320101294, 0.25677227003734254]","[6.79894319330408, -4.36699926190961, 8.996361133829193, 5.387711086014239, -2.3718429643837915, 1.3618570544631066]"
5,small,converged,True,True,29.471784591674805,0.9789620041847229,0.9789620041847229,29.471784591674805,0.0,3.365999999999851,2.865999999999906,4.365999999999741,132,10.933706778151713,0.0920787752821432,1.1908728000707924,"[0.70710890853352, 0.012689622450625247, 0.2784846746539629]","[1.5636034648025703, 0.36269280643384594, -2.1997651672541902, 3.5255242056066907, 0.7816390083703304, 3.679332212342776]"
6,small,initial_out_of_view,False,False,,,,,,0.0,,0.0,1,11.094943409649064,0.0,0.0029781998600810766,"[0.7118333380565186, 0.030355406426678666, 0.30980947388038765]","[2.1398502415996834, -0.27893884686042103, -3.78333338489909, -1.8652775461760562, -2.7385323503659205, -1.503045850580877]"
7,small,converged,True,True,9.976941108703613,0.9680711030960083,0.9680711030960083,9.976941108703613,0.0,2.4999999999999463,2.0000000000000013,3.499999999999836,106,10.637702777217434,0.07530503455039095,0.9411371999885887,"[0.696450971223916, 0.012021118362019688, 0.2647017840689956]","[1.5795083215018826, 0.3200520360263708, 0.40612750939433084, 3.662942435559663, -1.3870567625603958, -0.0866625829916865]"
8,medium,converged,True,True,103.0530014038086,0.9902769327163696,0.9902769327163696,103.0530014038086,0.0,4.46599999999973,3.965999999999785,5.46599999999962,165,10.643590236233024,0.24115210170697618,1.4326301000546664,"[0.6795695233912815, -0.03150305623769677, 0.2803090414252841]","[-0.8791557812229875, -4.402620808469534, 4.571318342933505, 11.348047960064704, 0.9533308562043814, -4.390283202520127]"
9,medium,converged,True,True,181.1334686279297,0.9769476652145386,0.9769476652145386,181.1334686279297,0.0,4.899999999999682,4.3999999999997375,5.899999999999572,178,11.628282624087927,0.15994420756955963,1.6380469999276102,"[0.7207167948974763, 0.07866356450293534, 0.3185488439559249]","[5.672383509568952, -0.8296458207747293, -6.97342976791691, -4.1993184894812305, 5.546099854695498, 3.7420387460226525]"
10,medium,converged,True,True,92.09175109863281,0.9805222749710083,0.9805222749710083,92.09175109863281,0.0,4.131999999999767,3.6319999999998216,5.131999999999657,155,10.633693614422905,0.2378559771631746,1.38221860001795,"[0.6691876308816526, 0.07363681642098664, 0.2597389326545877]","[7.915176513490408, -3.292840197830696, 6.128550068649943, 10.021271099986947, -0.5109147107880769, -11.88911339201951]"
11,medium,converged,True,True,85.67382049560547,0.9673342704772949,0.9673342704772949,85.67382049560547,0.0,4.265999999999752,3.765999999999807,5.265999999999642,159,10.62904619342949,0.2685090177538874,1.5216079000383615,"[0.6601840114288422, 0.04293269031169081, 0.2585731675403158]","[4.440567006001055, -5.474273320585242, 9.073067324452456, 4.473315163689804, 1.1850897052712703, 10.345542805065946]"
12,medium,initial_out_of_view,False,False,,,,,,0.0,,0.0,1,11.834520752670807,0.0,0.002368899993598461,"[0.7223870962804714, 0.020373165111068247, 0.4149461783119662]","[1.3005942696378465, -6.310350539686365, -8.955728587942712, -2.1843277455380044, 2.199089030472134, 4.3499972314542]"
13,large,initial_out_of_view,False,False,,,,,,0.0,,0.0,1,15.538112026016723,0.0,0.002756300149485469,"[0.7108210909789768, -0.16731238809355664, 0.4450062601018657]","[-14.741457044561479, -8.987045006422225, -13.064166173816139, -15.558395123155087, 15.279048037659933, 8.095015660677007]"
14,small,converged,True,True,22.300743103027344,0.9751152396202087,0.9751152396202087,22.300743103027344,0.0,2.999999999999891,2.4999999999999463,3.999999999999781,121,11.050047822654449,0.07028504481227363,1.0878569001797587,"[0.7100306212964639, 0.018561703250272787, 0.260195672141168]","[1.9128655002615274, 2.7945030033176996, -3.2879723700801406, 2.6875134967953676, -0.23932188976935986, -0.7883578626464862]"
15,large,initial_out_of_view,False,False,,,,,,0.0,,0.0,1,14.895786581688295,0.0,0.003862899960950017,"[0.7056360440059029, -0.15319994326084085, 0.39968571992010676]","[-9.606097446590262, -7.936339897116497, -8.977787953874305, 24.842142224225846, 12.208848075434744, -3.963415580317829]"
16,small,converged,True,True,49.92502212524414,0.9840835928916931,0.9840835928916931,49.92502212524414,0.0,3.7319999999998106,3.2319999999998656,4.731999999999701,143,10.70433606634862,0.04757981595309116,1.2586870999075472,"[0.6990560752683449, 0.008218791769667385, 0.24924371792983696]","[0.8721793089469183, 1.125711748522165, -0.3729324154959812, 1.3456619839730717, 2.6318042852207473, -0.3054216412512236]"
17,small,converged,True,True,89.73177337646484,0.9780474901199341,0.9780474901199341,89.73177337646484,0.0,4.2999999999997485,3.799999999999803,5.299999999999638,160,10.641111953427773,0.11787452587463013,1.442788999993354,"[0.6808960812838549, 0.04040861273653367, 0.25257356966851263]","[2.9371178859998404, -1.162753733531347, 3.986358095802344, -2.8293113634325966, -0.6504352297532234, 0.856097935542782]"
18,large,initial_out_of_view,False,False,,,,,,0.0,,0.0,1,11.985723426734722,0.0,0.0034904000349342823,"[0.6948718443422809, 0.05116646884543877, 0.1728488136313087]","[-0.09401476468289616, 9.546068338926109, -4.009729650906401, -28.50406152471639, -0.14655048277641214, 13.516540297858967]"
19,large,initial_out_of_view,False,False,,,,,,0.0,,0.0,1,13.018663331047684,0.0,0.004498900147154927,"[0.6915103918258348, 0.04507907634376079, 0.22588651481717745]","[1.5642380187245024, 0.631049261319685, -0.0849665127716932, -18.38583178809371, 10.767711332637173, -29.596720934840643]"
20,small,converged,True,True,97.76409912109375,0.9608945250511169,0.9608945250511169,97.76409912109375,0.0,4.431999999999734,3.9319999999997886,5.431999999999624,164,11.084683978724582,0.054330769723725025,1.489011799916625,"[0.7117165483510195, -0.022593718898296974, 0.29875854207893787]","[-1.299981185566263, 0.32650365240885915, -3.6092949565522128, 3.242450883813527, -2.057923734634718, -3.664989265111556]"
21,medium,initial_out_of_view,False,False,,,,,,0.0,,0.0,1,10.927007196541071,0.0,0.004055599914863706,"[0.7015242270023951, 0.06996438505883405, 0.32744762091228224]","[4.462275630049188, -1.8689898805304868, -2.3023980999129945, -7.077974244362384, -6.409185718161323, 5.871287074909844]"
22,large,initial_out_of_view,False,False,,,,,,0.0,,0.0,1,11.429139232508529,0.0,0.00467439997009933,"[0.6037502441205208, 0.05560028155167859, 0.24983463725754654]","[5.766517121680728, -13.791877006792788, 20.993557302807723, 3.1641577004340036, 5.292606415818447, 22.079155056976894]"
23,large,initial_out_of_view,False,False,,,,,,0.0,,0.0,1,14.480247206624698,0.0,0.0033933999948203564,"[0.7533746728317114, 0.02649706148512176, 0.41018198302438263]","[5.372709213379, 5.40303278903356, -22.685823591839863, 19.760334825956456, -10.20629824188717, -21.475235123339573]"
24,large,initial_out_of_view,False,False,,,,,,0.0,,0.0,1,11.064877841755573,0.0,0.004017699975520372,"[0.6464378794554113, -0.14263331357005, 0.28731261434721084]","[-15.061762713778782, -8.508266236465847, 8.72139057092761, -17.262770796409562, 3.156858483239219, -24.500183382966473]"
25,small,converged,True,True,77.86637878417969,0.9822306036949158,0.9822306036949158,77.86637878417969,0.0,4.131999999999767,3.6319999999998216,5.131999999999657,155,10.708369862520879,0.06963647294174319,1.3421958000399172,"[0.6996909383859772, -0.037984261405315634, 0.29371407505962877]","[-2.9000502856806465, -2.6185407596731167, -0.3196027066680358, 1.417527729916677, 2.9202710661801055, 0.5842757359939812]"
26,medium,initial_out_of_view,False,False,,,,,,0.0,,0.0,1,10.904209652985799,0.0,0.0031707000453025103,"[0.6871343408961611, -0.05677521795038144, 0.17871447888714162]","[-3.079461816300862, 7.288666737543764, -0.39077793240974756, 10.6112054187149, 0.8130543444443923, 8.366760429068531]"
27,small,converged,True,True,32.292076110839844,0.9666597843170166,0.9666597843170166,32.292076110839844,0.0,3.265999999999862,2.765999999999917,4.265999999999752,129,10.629809101822426,0.07776773501346798,1.1386784999631345,"[0.6823096682041028, 0.011091025895204701, 0.24635918642328516]","[1.219857616495477, 0.105778253558662, 3.7206280942100456, 1.7007094011742696, -2.9409468069047495, -1.9367023480948307]"
28,small,converged,True,True,44.795658111572266,0.9662371277809143,0.9662371277809143,44.795658111572266,0.0,3.665999999999818,3.165999999999873,4.665999999999708,141,10.642246246186144,0.07487487168108284,1.1760557000525296,"[0.696944935742614, 0.010150706159709089, 0.29437902700749796]","[0.668094505844635, -2.863262713723053, 0.6256156054705393, -1.0867202064446104, 1.1262649108276683, -2.805485511072728]"
29,medium,initial_out_of_view,False,False,,,,,,0.0,,0.0,1,11.512349537407381,0.0,0.0031169001013040543,"[0.7185969055443019, 0.017533273656039607, 0.3772944458119747]","[0.6876577112184368, -4.871556947463711, -6.4764715820087755, -4.821452278651174, 1.434404270496179, 9.665724881147565]"
30,large,initial_out_of_view,False,False,,,,,,0.0,,0.0,1,13.636097763645019,0.0,0.0045062999706715345,"[0.6553038084701999, 0.021847093620892898, 0.2639634816900352]","[4.1516706948421245, -9.163065780580048, 9.389189290226561, 18.739571325209866, 11.98593246858178, -15.89147979557314]"
31,small,converged,True,True,89.26761627197266,0.9814502000808716,0.9814502000808716,89.26761627197266,0.0,4.2999999999997485,3.799999999999803,5.299999999999638,160,10.64335913243811,0.09905097603861467,1.3784286000300199,"[0.6853732996620246, 0.025736365919001785, 0.24171288144890127]","[1.936253476137142, -0.396955450964537, 2.8709247566153477, -1.431761086031119, 2.8603828742966613, 1.616577453786558]"
32,small,converged,True,True,48.972084045410156,0.9702905416488647,0.9702905416488647,48.972084045410156,0.0,3.799999999999803,3.299999999999858,4.799999999999693,145,10.640435963692319,0.07345013554952819,1.3033998000901192,"[0.692442117232231, -0.028224040324925398, 0.27138873774155986]","[-2.5048229501987898, -1.9891453861344788, 1.5309560611031703, -1.1527518748582093, 2.8568063009533535, 3.7121819698457275]"
33,small,converged,True,True,47.92955017089844,0.9549810886383057,0.9549810886383057,47.92955017089844,0.0,3.8319999999997996,3.3319999999998546,4.83199999999969,146,10.954075708178355,0.0744588165161288,1.3522578000556678,"[0.7079709823287682, 0.004043671342163014, 0.28872801268296233]","[-0.2332126368184939, -0.3809932849010682, -2.3427150695504873, -3.6961821113758635, 0.8082553957393417, -2.5138185522806618]"
34,medium,initial_out_of_view,False,False,,,,,,0.0,,0.0,1,11.12473133858669,0.0,0.003034299938008189,"[0.6958570449101683, -0.11404698178533881, 0.2453582250218025]","[-7.589403013729923, 3.230287250372374, -2.3762340936076587, 11.162164911641653, 0.022713960693218738, 5.087215744086009]"
35,large,initial_out_of_view,False,False,,,,,,0.0,,0.0,1,11.494198761948127,0.0,0.0033548998180776834,"[0.7085199109345477, 0.13361010459423367, 0.26599256827421647]","[11.614339096497535, 5.303413609100524, -6.635470269611783, 5.729883585093091, -3.891370755593904, 23.489528740908533]"
36,small,converged,True,True,91.41859436035156,0.9558575749397278,0.9558575749397278,91.41859436035156,0.0,4.365999999999741,3.865999999999796,5.365999999999631,162,10.725742233173104,0.067239430374185,1.4610601998865604,"[0.6980099386613271, -0.03795018364479246, 0.24349247606402322]","[-2.7211039958124497, 2.192682755023238, -0.5259234730586861, 2.531584804631489, 0.5637635131960503, 2.5411864992877353]"
37,medium,initial_out_of_view,False,False,,,,,,0.0,,0.0,1,11.729324079728062,0.0,0.0024037000257521868,"[0.7101366215186201, 0.06674956861969952, 0.4426232516413138]","[5.32589012253877, -6.924433533077327, -8.54887942349275, -0.25551645673568935, -6.087304509968046, 2.856562325333176]"
38,medium,converged,True,True,60.441925048828125,0.9768058657646179,0.9768058657646179,60.441925048828125,0.0,3.799999999999803,3.299999999999858,4.799999999999693,145,10.636582660206368,0.13624104161768055,1.294442699989304,"[0.6857229841289811, 0.047435085807517374, 0.2810367472425583]","[5.119199307589648, -2.369887165941762, 2.842619471042262, 6.963435768185448, -2.5598550672337606, -2.118188978282637]"
39,large,initial_out_of_view,False,False,,,,,,0.0,,0.0,1,12.57227493984543,0.0,0.0022175998892635107,"[0.6904050192566737, -0.22070965308860838, 0.4546486906178343]","[-16.332265907720682, -3.7721993455657614, -13.746738641641471, 7.911011487638504, -8.992105017687589, 4.553164105939658]"
40,small,converged,True,True,54.28238296508789,0.9694918394088745,0.9694918394088745,54.28238296508789,0.0,3.899999999999792,3.399999999999847,4.899999999999682,148,10.64300816021944,0.07904953763741579,1.366264200070873,"[0.695262541221226, 0.015999475371502057, 0.2877400686967077]","[1.2610193862450503, -1.7589965348067091, 0.9070858223646159, -0.35055046778421506, -1.9172495725864744, 3.3390144361816176]"
41,medium,initial_out_of_view,False,False,,,,,,0.0,,0.0,1,10.784027214694259,0.0,0.0045501000713557005,"[0.6961564660256675, -0.01194647834714804, 0.22658283606814003]","[-1.3186511692131138, 2.0394927731649872, -0.19065239155553648, -2.460785523037476, 6.041676436013891, -11.729945416901629]"
42,small,converged,True,True,76.18953704833984,0.984610915184021,0.984610915184021,76.18953704833984,0.0,4.031999999999778,3.5319999999998326,5.031999999999668,152,11.043186791182242,0.07681456355516406,1.4597053998149931,"[0.7106388813924979, 0.02231690784073006, 0.3122560622827833]","[2.130011261700952, -2.3062311695769693, -3.0811579503810247, 2.302465009221721, 2.992562862930636, 2.225003867639594]"
43,large,initial_out_of_view,False,False,,,,,,0.0,,0.0,1,9.846088431058252,0.0,0.004420900018885732,"[0.6478962964960786, -0.08115240693525119, 0.2772585851699406]","[-2.497824233186531, -4.437480809229825, 9.476168190419187, 23.00484995126851, -12.68540574189015, 18.774969758857715]"
44,large,initial_out_of_view,False,False,,,,,,0.0,,0.0,1,9.88440969153486,0.0,0.003544099861755967,"[0.6621308011739566, 0.0033577933851257104, 0.25545546569779404]","[-2.4920447546208635, 0.7315619735561114, 7.005145243987656, -12.93784074097941, -17.62175382131101, -13.033169241998]"
45,medium,initial_tracking_loss,False,True,,,,,,0.0,,0.0,1,11.425626686304488,0.0,0.004153799964115024,"[0.7149758300293088, -0.08531043616822245, 0.28793546634506656]","[-7.748547815750948, 3.1193374356998564, -6.10223433507354, -5.822098296412493, -3.477876843118562, 10.49618756936799]"
46,medium,initial_out_of_view,False,False,,,,,,0.0,,0.0,1,10.677549136665464,0.0,0.006078700069338083,"[0.6842436633590053, 0.08703742965483066, 0.2353644285427634]","[5.788346490366189, 1.405746879548838, 1.5554961483114305, -9.41175929759094, 0.7609885894957991, -6.165327337176779]"
47,small,converged,True,True,79.52108764648438,0.9463644027709961,0.9463644027709961,79.52108764648438,0.0,4.065999999999774,3.565999999999829,5.065999999999664,153,10.63960585815848,0.10316786540394306,1.3579593000467867,"[0.6799720658015475, 0.004041179415755335, 0.2212772909668252]","[0.9752101127040511, 2.028278073559637, 3.7226541593506974, 3.7789470985155837, -2.243388645644047, 1.2495667164143747]"
48,large,initial_out_of_view,False,False,,,,,,0.0,,0.0,1,13.22633680827754,0.0,0.0036325999535620213,"[0.6710116578210225, -0.06420076853446892, 0.10649164837596367]","[-4.089856729572475, 10.679969570619562, -1.1775885760009324, 12.523182223728675, 13.963747570265738, -18.789297142378178]"
49,medium,converged,True,True,118.15718841552734,0.95599365234375,0.95599365234375,118.15718841552734,0.0,4.499999999999726,3.999999999999781,5.499999999999616,166,10.726362204989263,0.1482495467472393,1.464840400032699,"[0.6965697501612951, 0.036615564155341174, 0.3228503912593974]","[2.349729947346372, -5.303197202978142, 0.38282608378447947, -4.410809203494318, 2.1288795221853416, -2.330884452365197]"
50,medium,initial_out_of_view,False,False,,,,,,0.0,,0.0,1,11.664551354362752,0.0,0.003824399784207344,"[0.7160588748818285, 0.0838015426127053, 0.2115246904546175]","[6.113421864754558, 7.7821369629716255, -7.287970333111762, -4.240390609854786, 5.792001926134077, 9.340911497585711]"
51,large,initial_out_of_view,False,False,,,,,,0.0,,0.0,1,9.042959182997791,0.0,0.004214099841192365,"[0.5950775618736579, 0.06440988359275525, 0.12493191658280874]","[4.358879359520099, 5.098395455509781, 17.650316835607896, -8.036707161548268, -13.057136892028232, -2.3910093947037296]"
52,small,converged,True,True,66.02796936035156,0.9620002508163452,0.9620002508163452,66.02796936035156,0.0,4.031999999999778,3.5319999999998326,5.031999999999668,152,10.643507080115487,0.07093590705721739,1.3640214998740703,"[0.6957859640441302, 0.006855239820749602, 0.299789415555518]","[0.9686059641689946, -2.747271930172432, 0.8326680954586658, 2.4842764038437677, -1.7606343425489273, 2.073705328551158]"
53,medium,converged,True,True,44.28864669799805,0.9736904501914978,0.9736904501914978,44.28864669799805,0.0,3.6319999999998216,3.1319999999998767,4.631999999999712,140,10.638840101910136,0.04875682978871108,1.2947329999879003,"[0.6892256369254373, -0.01165468356870896, 0.24553020455115085]","[-0.8383364304877823, 0.8519806049833303, 2.0043523092262703, 0.802487296665424, -1.2295961587543172, -2.177437366856953]"
54,large,initial_out_of_view,False,False,,,,,,0.0,,0.0,1,10.626384910457505,0.0,0.0025327999610453844,"[0.6427374816106086, -0.15495160860717866, 0.50889128389715]","[-15.768465919211074, -17.818141752349305, 0.2495025778542761, -11.133209373021987, -11.093695216607724, -1.420172301376244]"
55,large,converged,True,True,77.91914367675781,0.960677981376648,0.960677981376648,77.91914367675781,0.0,4.531999999999723,4.031999999999778,5.531999999999613,167,14.024772231438954,0.35000000000000003,1.566473700106144,"[0.6958215180479531, 0.05414150514935005, 0.3020447241881232]","[6.193794835378515, -5.95850896518907, -0.40729215354689075, 16.15301001281005, 13.303336348134835, 4.303285298270637]"
56,medium,initial_out_of_view,False,False,,,,,,0.0,,0.0,1,10.367052764785813,0.0,0.003127500182017684,"[0.6799871755934215, -0.07260607269890992, 0.3396646346587501]","[-7.889150945796757, -6.738377624083375, 3.1810147756551004, -10.102051235963438, -5.902129188599822, -9.614653862689156]"
57,medium,initial_out_of_view,False,False,,,,,,0.0,,0.0,1,9.94664845207133,0.0,0.0035355999134480953,"[0.6555761856830151, 0.015363964533775268, 0.155007709339263]","[2.396590350400267, 6.957121273800938, 6.716201047030921, 5.6078746542041635, -6.56520802351517, 1.6304439887334965]"
58,medium,initial_tracking_loss,False,True,,,,,,0.0,,0.0,1,11.668853096473718,0.0,0.0032047999557107687,"[0.7216513491789531, 0.07439242325270268, 0.266542124957212]","[5.126530465746635, 6.1283046810674495, -7.945823988354244, -4.668558197359106, -3.9978966695187967, -5.6411665200574985]"
59,large,initial_out_of_view,False,False,,,,,,0.0,,0.0,1,11.603697170764878,0.0,0.0026311001274734735,"[0.6964535956816192, -0.10074480606953852, 0.4335983127419381]","[-5.779645652746533, -4.7454108730635465, -7.786577807039119, 12.293064956129633, -16.257730449323567, 11.72195383107502]"
60,medium,converged,True,True,68.03475952148438,0.9719333648681641,0.9719333648681641,68.03475952148438,0.0,4.065999999999774,3.565999999999829,5.065999999999664,153,10.626067688547412,0.20559802977745406,1.4331364000681788,"[0.6751662202619468, 0.0407623801559644, 0.27329681857058175]","[4.373124341417364, -4.278507045183218, 5.65546424267491, 5.734622967342247, 0.3519674377386881, 11.816326837451253]"
61,medium,initial_out_of_view,False,False,,,,,,0.0,,0.0,1,10.674816771311677,0.0,0.004923100117594004,"[0.6912593644166671, -0.08792815532981885, 0.3686751430379719]","[-7.355107670335217, -7.6860753900330145, -0.30809608841081015, -0.6553385447599354, -1.5385484557714193, -2.6341821564259718]"
62,large,converged,True,True,141.85140991210938,0.9819365739822388,0.9819365739822388,141.85140991210938,0.0,4.83199999999969,4.331999999999745,5.83199999999958,176,12.866903162684311,0.35,1.6721250000409782,"[0.6267765306941196, -0.053375652323813944, 0.30712228981990103]","[-3.1271322203495586, -16.789012837754207, 16.00013323262828, 12.702252136540011, 9.264006372520566, -5.6834120531527255]"
63,medium,initial_out_of_view,False,False,,,,,,0.0,,0.0,1,10.437293492039878,0.0,0.0035921998787671328,"[0.6617304872683178, 0.048185268218733736, 0.18843074182885441]","[5.669865556744904, 1.7677007001534726, 6.539459019303571, 9.729228332144562, 2.655330523062535, 11.637047099219146]"
64,medium,initial_out_of_view,False,False,,,,,,0.0,,0.0,1,9.8810172741766,0.0,0.004074699943885207,"[0.6336949949954318, 0.07545386028308836, 0.11546950098723424]","[6.006877077829541, 7.2863547816681695, 8.726025737763354, -4.704486784313036, 1.262505453268565, 3.8489746069171247]"
65,large,initial_out_of_view,False,False,,,,,,0.0,,0.0,1,11.784254375013983,0.0,0.003035800065845251,"[0.7014848813933902, 0.17594230737737485, 0.38169324964883067]","[13.611287690475358, -1.5123661250001348, -8.933321781197591, -2.7086471576690485, -7.445844346500957, -23.93973672183119]"
66,large,converged,True,True,90.89916229248047,0.963940441608429,0.963940441608429,90.89916229248047,0.0,4.46599999999973,3.965999999999785,5.46599999999962,165,10.606751237657432,0.35000000000000003,1.576613900018856,"[0.59395517818811, -0.040597428864997974, 0.27327872249566487]","[-5.078328060479887, -15.34373299017259, 24.06448937716101, -5.810565450144253, -4.847380071010479, 27.661357629279102]"
67,large,initial_out_of_view,False,False,,,,,,0.0,,0.0,1,12.80134494765648,0.0,0.004672800190746784,"[0.711916096660665, 0.0035206509243919954, 0.15320962474692124]","[3.102245601168125, 12.559848856249655, -8.205623186439254, 21.66051184940857, 6.08402891783993, -20.746474938287857]"
68,large,initial_out_of_view,False,False,,,,,,0.0,,0.0,1,14.12313398363545,0.0,0.0038568999152630568,"[0.7371074574260091, -0.055272336578666884, 0.24349244020809077]","[-3.2121259696310336, 6.126492381874744, -11.946674758338393, 10.968644776321234, 14.582597295290725, 14.379075790848283]"
69,large,initial_out_of_view,False,False,,,,,,0.0,,0.0,1,13.10968678462771,0.0,0.0032800999470055103,"[0.6876481822278611, -0.19511025919557848, 0.5038756796595079]","[-11.990351517715915, -6.240315484663229, -16.119532152635013, 21.302592391725554, -11.000289373000971, 1.1009771063126408]"
70,large,initial_out_of_view,False,False,,,,,,0.0,,0.0,1,11.457205451040368,0.0,0.00443440000526607,"[0.613862129621814, 0.06232664985630239, 0.24403625375454585]","[7.381328764916571, -11.687717711823298, 18.448420368642793, 10.234174857381568, 5.623376356651239, 12.222936746830783]"
71,large,initial_out_of_view,False,False,,,,,,0.0,,0.0,1,11.540699131809504,0.0,0.0032009000424295664,"[0.6860296121450683, 0.06597952753971215, 0.13262736832142424]","[3.294119560375073, 11.870868560232822, -2.9754424218445195, -15.242600380250748, 3.7148456832394636, 5.026399496811237]"
72,small,converged,True,True,43.61561584472656,0.9655110239982605,0.9655110239982605,43.61561584472656,0.0,3.599999999999825,3.09999999999988,4.599999999999715,139,10.978817845719295,0.05559451422084573,1.2793938999529928,"[0.7081600468277948, 0.027759553399907152, 0.26731514713097715]","[2.5561723879386333, 2.0175432841535574, -2.7787262721582424, 1.9889223215650471, -0.7480657447607038, 1.6032900979485891]"
73,medium,initial_out_of_view,False,False,,,,,,0.0,,0.0,1,11.479973831869913,0.0,0.0031124998349696398,"[0.7143865688740715, 0.06986548993817933, 0.35191943671468257]","[6.605644914327884, -3.875965688986847, -5.531093810374735, 7.166078903767573, 2.9484859760066175, -6.753835134008098]"
74,medium,initial_out_of_view,False,False,,,,,,0.0,,0.0,1,9.796931299595672,0.0,0.002657199976965785,"[0.6549574075505182, 0.09050814118864955, 0.2794760242934131]","[5.966719011564594, -5.050293198580009, 8.985996188382387, -10.048875616617742, -7.685114454619725, 2.8573318291795182]"
75,large,initial_out_of_view,False,False,,,,,,0.0,,0.0,1,9.496203003394951,0.0,0.003510700073093176,"[0.6085927347982397, -0.0993715107972089, 0.09580434369094523]","[-10.840664568138784, 9.953733696754078, 11.882610274411661, -7.550669772588066, -9.023296302269875, 23.420487096081807]"
76,large,initial_out_of_view,False,False,,,,,,0.0,,0.0,1,13.539780839579137,0.0,0.0025836999993771315,"[0.7203924616155831, 0.1797224419116963, 0.3929590767774646]","[11.725653874749991, -2.1939796936551677, -14.319494901227225, -18.317523845051596, 6.396064426841104, 21.835551137154532]"
77,medium,initial_out_of_view,False,False,,,,,,0.0,,0.0,1,11.793902722724624,0.0,0.0029595999512821436,"[0.7175432656550321, 0.10376549326078424, 0.2317141620335246]","[7.043864067081179, 7.807936474863798, -8.11994071010723, -8.033211035937196, 0.8763007746814324, -3.6998568569159147]"
78,medium,initial_out_of_view,False,False,,,,,,0.0,,0.0,1,10.081730136732165,0.0,0.0034106001257896423,"[0.642889881062269, -0.0633369759752098, 0.15785740727264527]","[-3.914546188738802, 3.3312321934308926, 9.256929833493206, 10.26670408649705, 0.4328512696209206, 0.9514305141926744]"
79,large,converged,True,True,135.7124786376953,0.9589856266975403,0.9589856266975403,135.7124786376953,0.0,4.799999999999693,4.2999999999997485,5.799999999999583,175,13.439968871933248,0.35000000000000003,1.6186340001877397,"[0.6829254998704543, 0.0994443015724375, 0.29768512310036466]","[9.994686222361537, -6.697297475605392, 1.6691951965520246, 14.9963322580236, 12.088743717634003, -1.6384363201116123]"
80,medium,initial_out_of_view,False,False,,,,,,0.0,,0.0,1,11.746538332865564,0.0,0.004326799884438515,"[0.7066998484361637, 0.0886684338802301, 0.44492669843508226]","[7.584420840492902, -6.633833025576383, -8.695541483937216, 2.448665629225893, -7.821454594785877, 5.359466602222483]"
81,large,initial_out_of_view,False,False,,,,,,0.0,,0.0,1,17.00044437753242,0.0,0.0025337999686598778,"[0.7508853812748805, 0.09205678763659904, 0.46750966427489044]","[5.367126506791742, -4.076790354849603, -22.73339318190675, -17.862925961233426, 15.749715634581989, -14.262432107837013]"
82,large,initial_out_of_view,False,False,,,,,,0.0,,0.0,1,13.732304599290533,0.0,0.002752400003373623,"[0.6989080389336887, -0.020288699575856373, 0.19506446517862955]","[-1.5547345157422896, 3.8658243172328604, -2.6161970052100862, 1.0815202961786206, 15.737639951439924, -3.0049788324021733]"
83,medium,initial_out_of_view,False,False,,,,,,0.0,,0.0,1,10.588709094766793,0.0,0.0034084999933838844,"[0.6611992823433697, -0.06984243798459794, 0.1714783888759559]","[-6.739185069194692, 3.1738567376849094, 5.51354621303722, -4.926614867089098, 5.678137737314332, 7.364912685787274]"
84,medium,initial_out_of_view,False,False,,,,,,0.0,,0.0,1,11.987147951829678,0.0,0.002167699858546257,"[0.711305115690914, 0.08366886550960571, 0.4551218866205101]","[5.6264301942376775, -7.608452137844894, -9.926121353564563, -6.643860411619949, -3.456039366337052, -9.558050093321405]"
85,small,converged,True,True,87.23479461669922,0.9740985631942749,0.9740985631942749,87.23479461669922,0.0,4.0999999999997705,3.599999999999825,5.09999999999966,154,10.640639985526084,0.0887706452807909,1.36100779986009,"[0.6805148918449362, -0.004723310063065562, 0.21499350873236475]","[-0.40596367057573834, 2.8184965501375894, 3.4123696822444805, -0.04917997968834964, -2.4510943035640635, -3.0873199913814924]"
86,small,converged,True,True,47.0295295715332,0.9773055911064148,0.9773055911064148,47.0295295715332,0.0,3.7319999999998106,3.2319999999998656,4.731999999999701,143,10.787032886218698,0.04411151449567638,1.2390735999215394,"[0.7023800029283136, 0.024810695043822013, 0.26091553240373044]","[1.9696882070393693, 1.19464447114476, -1.200158035635713, -0.3477634986476108, 0.6173549657913844, 0.34621276375772325]"
87,large,initial_out_of_view,False,False,,,,,,0.0,,0.0,1,8.820097669516478,0.0,0.0043963000643998384,"[0.569648208078095, -0.16879031891787782, 0.17293450412921438]","[-14.53366318815295, -1.1448221444191162, 21.161577655628456, 8.49259379871075, -14.490146041449156, 25.994777413265744]"
88,medium,initial_out_of_view,False,False,,,,,,0.0,,0.0,1,11.514510753460938,0.0,0.005367799894884229,"[0.7160722100313872, 0.04067446739477467, 0.36917290141775166]","[1.6944074771062372, -3.3164889186102897, -6.328573658081318, -9.622543235375657, -3.2853827659982464, 2.6918165663944364]"
89,small,converged,True,True,23.756473541259766,0.916892945766449,0.916892945766449,23.756473541259766,0.0,2.965999999999895,2.46599999999995,3.965999999999785,120,10.638471703649218,0.057366245740101525,1.1264740000478923,"[0.6952508854202099, -0.005942993045150284, 0.24558337276362352]","[-0.6054226460030621, 2.2990254736634137, 0.36095589130615213, -0.6953646773464213, -2.8708878406476033, -1.9027892211251336]"
90,medium,initial_out_of_view,False,False,,,,,,0.0,,0.0,1,10.871001695196476,0.0,0.004324899986386299,"[0.6787283302928776, 0.0011886771686877048, 0.15701085929297348]","[-1.2676696768112379, 7.221217757086679, 1.3625177578447651, -9.399269023197812, 4.292331251390253, 7.334111104855815]"
91,large,initial_out_of_view,False,False,,,,,,0.0,,0.0,1,12.240315432856985,0.0,0.0035536999348551035,"[0.7151355923593936, 0.023140218326242606, 0.33652324075703394]","[-0.8056586829442764, -3.6019320834725015, -5.189271087603625, -19.688347922325505, 4.580531830964432, -20.161973095778066]"
92,small,converged,True,True,50.40726852416992,0.983802080154419,0.983802080154419,50.40726852416992,0.0,3.8319999999997996,3.3319999999998546,4.83199999999969,146,10.642861640767935,0.07310492100530797,1.4480247001629323,"[0.6949131414176944, 0.014067138221893727, 0.28652840719959605]","[0.5561535951411765, -2.2245729335979822, 1.0518615649622909, -3.837104058861792, -0.05686456589309108, 1.807037647072577]"
93,small,converged,True,True,101.37680053710938,0.9770882725715637,0.9770882725715637,101.37680053710938,0.0,4.3999999999997375,3.899999999999792,5.399999999999627,163,10.649757528447948,0.08124647582244424,1.5124239001888782,"[0.688100165534642, 0.026470792442076903, 0.22902268922364682]","[2.1917143636255654, 1.4258350767762344, 1.8781448704490362, -0.07514381590635999, 2.345242548911009, -1.6828284610500281]"
94,large,initial_out_of_view,False,False,,,,,,0.0,,0.0,1,13.100593761258848,0.0,0.002656499855220318,"[0.6953518120261077, 0.09838381997055548, 0.5534017731143833]","[5.046477004862069, -13.017300450604877, -14.698788008263165, -19.149265633157974, -1.343190171062826, -4.778075994120503]"
95,large,converged,True,True,161.37547302246094,0.9769336581230164,0.9769336581230164,161.37547302246094,0.0,4.999999999999671,4.499999999999726,5.999999999999561,181,10.62946131495769,0.34531843150787916,1.6600201001856476,"[0.6216744303569208, -0.01732418328389557, 0.21334155409484282]","[0.07803546303520292, -5.398991074043165, 17.022043563832803, 8.907426434474154, -3.655144793232992, 20.5808827064361]"
96,small,converged,True,True,59.580318450927734,0.9791641235351562,0.9791641235351562,59.580318450927734,0.0,3.9319999999997886,3.4319999999998436,4.931999999999679,149,10.637839662555532,0.07370980724895608,1.3538585000205785,"[0.6846965170114803, 0.018218233343171644, 0.2454479698085287]","[1.1083059234193806, 0.26645154661854686, 3.100324184142985, -2.519601703349271, -1.696219634663345, -3.7787210439007834]"
97,large,initial_out_of_view,False,False,,,,,,0.0,,0.0,1,12.133737281142826,0.0,0.004483899800106883,"[0.6736245758279328, 0.03833590908956043, 0.09382809810765161]","[-0.6052563043859287, 14.747760136519098, -2.836845609265648, -26.62981501271942, 3.3827708643267513, -6.728444818721968]"
98,small,converged,True,True,25.854969024658203,0.9533897042274475,0.9533897042274475,25.854969024658203,0.0,3.265999999999862,2.765999999999917,4.265999999999752,129,10.755350765497582,0.039565387005085606,1.1548835998401046,"[0.7019093782715352, 0.014936656169073088, 0.27152739670501636]","[1.5052906694575006, 0.6219502894035278, -0.9535260444055531, 1.7924646021276462, -1.2654244302256537, -0.043440928567343384]"
99,large,initial_out_of_view,False,False,,,,,,0.0,,0.0,1,8.668296416658903,0.0,0.0022823999170213938,"[0.4994862320561222, -0.09794546601470082, -0.01206375995999108]","[-10.718029618630851, 15.876744135086483, 23.790902828864112, 1.4298252602111496, -12.037141734974808, -3.1724543735195994]"
100,large,initial_out_of_view,False,False,,,,,,0.0,,0.0,1,13.132637948950446,0.0,0.0032691999804228544,"[0.7423124244845215, -0.01663752681857876, 0.1569529798551803]","[-1.8770345493793563, 17.251764908040457, -16.2497467634516, -4.766994438363643, 7.043219327669423, 21.917852245379834]"
101,small,converged,True,True,90.72429656982422,0.9615237712860107,0.9615237712860107,90.72429656982422,0.0,4.2999999999997485,3.799999999999803,5.299999999999638,160,10.69434348500278,0.08785679718848889,1.4769769001286477,"[0.698336550906143, 0.03920351824436167, 0.29798412440378746]","[2.9823043767688775, -2.580181674170531, -0.02159400945097012, -1.4933772053100034, 0.5068354290937855, 3.2286445925387985]"
102,small,initial_out_of_view,False,False,,,,,,0.0,,0.0,1,10.834861088057496,0.0,0.002892599906772375,"[0.7042947448721906, -0.004933193408667422, 0.3203049647087247]","[-0.9436896205496415, -2.52069404854485, -1.6124233645467987, -3.2994862453950917, -2.9528746912914356, 2.038803266265708]"
103,large,initial_out_of_view,False,False,,,,,,0.0,,0.0,1,9.320315592580602,0.0,0.00440149987116456,"[0.5738240341029169, -0.06347700857864566, 0.037240800826718046]","[-9.672227227070154, 14.633123255414752, 14.912258765645888, -14.65922286928138, -11.85473671835925, -16.757805142776874]"
104,large,initial_out_of_view,False,False,,,,,,0.0,,0.0,1,14.921233312303665,0.0,0.0036418999079614878,"[0.5864954118371912, -0.06465741180774788, 0.09451849794409345]","[-3.084956381232045, 1.4295235521086802, 15.523471440770876, 27.553271475731194, 15.187262393037656, 13.617711126041627]"
105,large,initial_out_of_view,False,False,,,,,,0.0,,0.0,1,17.02998028096013,0.0,0.003746999893337488,"[0.7534687035910843, -0.06813860624071474, 0.28545657822903103]","[-2.444007404982436, 5.992353394482347, -17.48092876183369, 29.304586967762432, 14.404643209954052, -8.263974759919762]"
106,small,converged,True,True,71.38233947753906,0.9435878992080688,0.9435878992080688,71.38233947753906,0.0,4.131999999999767,3.6319999999998216,5.131999999999657,155,11.012310570316739,0.0551365319360168,1.4014508000109345,"[0.7095885149374702, 0.03279545493264574, 0.2810749139197896]","[2.647508729014019, 1.2156055929912242, -3.1090503167551944, 0.008386984730910818, -1.1298767507244607, 1.1252978003070986]"
107,small,converged,True,True,48.28383255004883,0.9305139780044556,0.9305139780044556,48.28383255004883,0.0,3.865999999999796,3.365999999999851,4.865999999999686,147,10.643759347898873,0.04375469246143296,1.298456999938935,"[0.696740298648892, -0.003143131293845194, 0.2896212521169599]","[-0.23419315678010122, -1.7358087528391521, 0.5797141929088658, 0.14938537196695822, -1.76485018305447, 0.26042380145242205]"
108,small,converged,True,True,68.58834838867188,0.9402055144309998,0.9402055144309998,68.58834838867188,0.0,4.131999999999767,3.6319999999998216,5.131999999999657,155,10.857910305457606,0.05301007704216762,1.4920345998834819,"[0.7045954454383705, -0.032280079933191014, 0.27367844854012435]","[-2.5412661515660675, 1.3878123259903905, -1.8987603563966742, 0.501404158675057, -2.618812981808472, -2.5024740516782478]"
109,medium,initial_out_of_view,False,False,,,,,,0.0,,0.0,1,10.854652559362993,0.0,0.003244900144636631,"[0.6821673673751644, -0.05688290584265343, 0.2426887249184723]","[-5.9317592117549385, -1.1609901209989104, 3.077672940879845, -8.174935852857836, 4.842877584668731, -4.914494365792966]"
110,small,converged,True,True,39.72669982910156,0.9694738388061523,0.9694738388061523,39.72669982910156,0.0,3.5319999999998326,3.0319999999998877,4.531999999999723,137,10.658425198301,0.055798288549217256,1.241021400084719,"[0.6981183591688497, -0.025180323433810776, 0.26301490095220875]","[-2.3307731813961374, 0.4687346728668653, -0.07349853103881188, -1.6909822218097714, -0.10957170278243877, -2.872624019246932]"
111,medium,initial_out_of_view,False,False,,,,,,0.0,,0.0,1,9.743007626953489,0.0,0.002912500174716115,"[0.6424752606825059, -0.0733919295729482, 0.14998960011707196]","[-6.4797711994940155, 4.476898236992259, 8.895348049570874, 0.21878274359692185, -0.10830700712589092, 5.573083425581402]"
112,small,converged,True,True,27.411720275878906,0.9880030751228333,0.9880030751228333,27.411720275878906,0.0,3.3319999999998546,2.8319999999999097,4.331999999999745,131,10.76551589596748,0.06004888452553862,1.1638953001238406,"[0.7022733066944777, 0.0042555808033424005, 0.27347399462507826]","[0.7432802729685788, 0.6151306293586662, -1.0235709545321585, 2.4595373373215894, -1.718977762986883, 2.201031863437371]"
113,medium,converged,True,True,53.209999084472656,0.977003276348114,0.977003276348114,53.209999084472656,0.0,4.031999999999778,3.5319999999998326,5.031999999999668,152,11.39613851163641,0.1409593563775694,1.3519190999213606,"[0.7111386540950425, 0.015111080895971825, 0.28146310007822906]","[0.32600360456969923, -0.5800307084211074, -3.263831005893893, -6.7720941872771006, 6.499263524362574, 6.636056417862672]"
114,large,initial_out_of_view,False,False,,,,,,0.0,,0.0,1,13.47144050193675,0.0,0.0027606000658124685,"[0.7095428849995785, 0.09699872017470845, 0.5205735680617147]","[9.33099295327668, -12.569459991355126, -14.269119294732214, 12.657750058823169, 8.74418127857125, 28.247657622770575]"
115,small,converged,True,True,104.96031951904297,0.9818360209465027,0.9818360209465027,104.96031951904297,0.0,4.331999999999745,3.8319999999997996,5.331999999999635,161,10.643669499569338,0.10835039615183106,1.4853077998850495,"[0.6822147556240757, 0.015982479372813812, 0.21782148423839007]","[1.1126173222322908, 2.085725249266652, 3.1078903927641433, -1.4419103787969663, 0.30047741079409773, 2.0479786377212843]"
116,large,initial_out_of_view,False,False,,,,,,0.0,,0.0,1,14.69587228444442,0.0,0.00290969992056489,"[0.7413068081618464, 0.09235256880910826, 0.4835979344410045]","[5.0078992679781145, 0.09988169998300478, -23.729274646014254, -12.767291404376802, -6.583745035102041, 2.2403274217979785]"
117,large,initial_out_of_view,False,False,,,,,,0.0,,0.0,1,10.516560144621133,0.0,0.0035747999791055918,"[0.5574760249034788, 0.009178733754577532, 0.09440142954037004]","[3.748690798737549, 0.2050614379978697, 23.75356289246229, 15.372097825633006, 2.731682900900587, 17.069656644228353]"
118,small,converged,True,True,91.26128387451172,0.9668840169906616,0.9668840169906616,91.26128387451172,0.0,4.365999999999741,3.865999999999796,5.365999999999631,162,10.907945867334542,0.12287103730358835,1.4271845000330359,"[0.7070988350987709, 0.005098430135992023, 0.30366164878559315]","[0.7242184556297468, -0.7427529786358225, -2.2819664413209555, 1.9030590426546574, -2.851378927319136, 3.3460314357578023]"
119,large,initial_out_of_view,False,False,,,,,,0.0,,0.0,1,15.338412243257007,0.0,0.0032844000961631536,"[0.7341161969818829, 0.06266615072803716, 0.21380996543034825]","[6.131773654842451, 8.145784129101585, -12.324260674930015, 13.875212860751105, 16.727561382837095, -19.256969430055115]"
120,large,initial_out_of_view,False,False,,,,,,0.0,,0.0,1,12.955710109989425,0.0,0.0027626999653875828,"[0.5523535514270695, -0.04877416069844476, 0.08430379954709499]","[-2.1614096191718506, -0.5212091566605075, 22.52322467931107, 20.325120573970104, 11.795658658137036, 10.760660415433328]"
121,large,initial_out_of_view,False,False,,,,,,0.0,,0.0,1,13.45873620333558,0.0,0.0023343998473137617,"[0.7005854687910726, -0.18371613159162173, 0.5067140057824056]","[-16.883440496799768, -4.872994896593269, -18.30843637280271, -12.428830805656602, -9.135618800940174, -22.609439672606584]"
122,medium,converged,True,True,157.72198486328125,0.9876469969749451,0.9876469969749451,157.72198486328125,0.0,4.765999999999697,4.265999999999752,5.765999999999587,174,10.639869363309385,0.22759525051760277,1.579139000037685,"[0.6582643098393193, -0.06953248937233633, 0.21587171306760797]","[-5.401231541788867, 1.027272851047421, 7.83916454556563, 3.3675730949560627, -6.649526134369124, 6.837598906765933]"
123,large,initial_out_of_view,False,False,,,,,,0.0,,0.0,1,13.779362167242075,0.0,0.00410989997908473,"[0.5376895168640674, 0.09586198397976878, 0.07617916168084306]","[11.352722621740998, -0.928445119649826, 23.290806517079936, 9.822945240934956, 15.869055605880362, 18.385451153756662]"
124,small,converged,True,True,34.82852554321289,0.9620283842086792,0.9620283842086792,34.82852554321289,0.0,3.6319999999998216,3.1319999999998767,4.631999999999712,140,10.642883052789337,0.06693881815964124,1.2330860998481512,"[0.6961284961455143, 0.0032166403398363446, 0.27949719151512414]","[0.8213030579425569, -0.8035958293741841, 0.6263045770969482, 3.3850551658298924, -2.3492908594517985, -3.387003929826749]"
125,small,converged,True,True,54.88029098510742,0.9750921130180359,0.9750921130180359,54.88029098510742,0.0,3.865999999999796,3.365999999999851,4.865999999999686,147,10.976824351341216,0.056397022784639775,1.2863988999743015,"[0.7082701024725031, -0.03178745196925049, 0.26788668699962437]","[-2.6431562661632375, 1.2996090939231966, -2.7225364391140126, -0.4964657594253872, 1.9183289904544845, -1.0200363135929997]"
126,large,initial_out_of_view,False,False,,,,,,0.0,,0.0,1,14.222308729600485,0.0,0.0027073000092059374,"[0.749989720060184, -0.12307633172828984, 0.3754509453656359]","[-9.822368847874229, 0.5207922696877993, -18.665985922141193, -5.282245867181807, 14.767564696262568, 8.792646917537375]"
127,small,converged,True,True,43.789573669433594,0.9980005621910095,0.9980005621910095,43.789573669433594,0.0,3.7319999999998106,3.2319999999998656,4.731999999999701,143,10.64413366803478,0.06260263389286815,1.224976999917999,"[0.6968847277735133, 0.01844405311310039, 0.27140091632073854]","[1.3331240378584708, 0.15150966387656872, 0.2931135587680398, -1.108334351210198, -2.601456350929049, -1.108853724021519]"
128,medium,initial_out_of_view,False,False,,,,,,0.0,,0.0,1,9.841199937419757,0.0,0.0034455000422894955,"[0.6482230947559956, 0.0561809918841902, 0.17027820870025218]","[6.652588232472988, 4.0354509562351755, 8.69359511225396, 9.203393962633449, -5.2004247883303805, 2.206775643925157]"
129,small,converged,True,True,73.13218688964844,0.9786071181297302,0.9786071181297302,73.13218688964844,0.0,4.165999999999763,3.665999999999818,5.165999999999653,156,10.672362230619964,0.05450938640818728,1.4321975000202656,"[0.6965518148826538, -0.031096402883015472, 0.2582107893353433]","[-2.1071566387690837, 0.2771677929419214, 0.23742560479688546, 2.95621421066969, 1.4467841842199487, 0.8133085878162056]"
130,small,converged,True,True,54.04005432128906,0.9737438559532166,0.9737438559532166,54.04005432128906,0.0,3.899999999999792,3.399999999999847,4.899999999999682,148,11.061465522710863,0.06701009533501026,1.3126778998412192,"[0.7100599827610878, 0.020995233779144647, 0.2651986116928678]","[1.201795071970662, 1.64102911745867, -3.138962878775618, -3.376349134211929, 2.4779200014841445, -0.9098537170249257]"
131,medium,initial_out_of_view,False,False,,,,,,0.0,,0.0,1,10.424075779836798,0.0,0.0030249999836087227,"[0.6890292592340076, -0.007176312243581348, 0.3449103083662402]","[-1.2049147373126576, -5.776668319116228, 1.7945779407892655, -3.3548240231042694, -7.3269438043709325, 3.0384009092553725]"
132,small,converged,True,True,97.96627807617188,0.9460691213607788,0.9460691213607788,97.96627807617188,0.0,4.365999999999741,3.865999999999796,5.365999999999631,162,10.883340266920898,0.07520966154034787,1.4459364998620003,"[0.7057015796771655, -0.035114960946694855, 0.30474834063778206]","[-2.5538462827930655, -1.8931628377977399, -1.9299059104958634, 1.9311102631492112, 0.6115879507123285, -2.0446169181305356]"
133,small,converged,True,True,84.97461700439453,0.9790807962417603,0.9790807962417603,84.97461700439453,0.0,4.265999999999752,3.765999999999807,5.265999999999642,159,10.642058294993488,0.08640511814255722,1.4086629999801517,"[0.6872123600389316, -0.03711180771924349, 0.28260495011999237]","[-2.5305975037018476, -2.6679506796484485, 2.756832581734507, 3.4276284170637323, -1.487841324220772, 0.7757867244218595]"
134,large,initial_out_of_view,False,False,,,,,,0.0,,0.0,1,12.317406657154912,0.0,0.0026313001289963722,"[0.6957427523300198, -0.21579851996080188, 0.33957965594237405]","[-13.909797444668293, 5.040134472298462, -12.117886027315205, 17.734117667583213, -14.617045150028352, -10.586765334437285]"
135,medium,converged,True,True,183.00555419921875,0.9836642742156982,0.9836642742156982,183.00555419921875,0.0,4.931999999999679,4.431999999999734,5.931999999999569,179,10.641858090369595,0.2126203859918538,1.5273438999429345,"[0.6497409993778412, 0.09517539524333629, 0.24303909959662368]","[7.921082011292176, -3.028045015813234, 9.914061973572885, -2.2478841432867256, -5.148952969965983, -2.571643746412523]"
136,large,initial_out_of_view,False,False,,,,,,0.0,,0.0,1,11.464177166094423,0.0,0.003016799921169877,"[0.7037538447653588, 0.13892446613647752, 0.3122020342253833]","[12.225173769326737, 3.729062702725269, -6.819374345263796, 5.639393344878876, -12.474544526452773, 27.945311484429027]"
137,large,initial_out_of_view,False,False,,,,,,0.0,,0.0,1,9.937578670098933,0.0,0.003241300117224455,"[0.6510765777086334, -0.03516345006824467, 0.3208622475724595]","[-8.94745686314526, -7.77417004314629, 8.74156128973371, -28.784684768803242, -14.35967663088009, 27.055553279581666]"
138,large,initial_out_of_view,False,False,,,,,,0.0,,0.0,1,9.019413732040226,0.0,0.00901999999769032,"[0.5988171545182613, 0.17912549681987194, 0.30236359487547665]","[16.736361191196742, -11.004299578003632, 17.424966590579558, 0.37721902045062095, -13.754120344870662, -25.849415957021996]"
139,medium,initial_out_of_view,False,False,,,,,,0.0,,0.0,1,11.373855703415302,0.0,0.0038304999470710754,"[0.6467141739937097, -0.03127927496845184, 0.17672588675245818]","[-4.421699242625719, -0.2707063982953084, 9.503663694942478, -11.761275025322176, 7.392339752693898, 11.145233259395741]"
140,medium,initial_out_of_view,False,False,,,,,,0.0,,0.0,1,10.132218308791463,0.0,0.004689399851486087,"[0.6425666622509791, -0.038206514637110174, 0.15446943438084887]","[-2.7629633478681015, 2.6367585598441963, 9.704413370407242, 4.084583018902549, 3.5878522410626648, 11.495341935898018]"
141,large,initial_out_of_view,False,False,,,,,,0.0,,0.0,1,10.176671431789655,0.0,0.0039017999079078436,"[0.5723858023607522, -0.049582237486804306, 0.070274627224651]","[-6.033988514414615, 5.1247637875961765, 18.83488945875228, -6.256793849967799, 4.112265901285678, 6.232470448050741]"
142,medium,initial_out_of_view,False,False,,,,,,0.0,,0.0,1,11.515206537933741,0.0,0.002852899953722954,"[0.7065071130698054, 0.10010960839751239, 0.40321960359073394]","[6.652220456962169, -6.228744665876716, -6.327796008242572, -8.8279499551399, -2.3995616976373775, 9.101469950962482]"
143,medium,initial_out_of_view,False,False,,,,,,0.0,,0.0,1,11.365559835486053,0.0,0.0031660001259297132,"[0.7118718054131974, -0.07148046912775825, 0.2895493528210748]","[-3.798739441836535, 2.5602917189405385, -5.142602500852885, 11.639905383510186, -4.781458001059869, -7.216490385336761]"
144,small,converged,True,True,56.52314376831055,0.9962051510810852,0.9962051510810852,56.52314376831055,0.0,3.799999999999803,3.299999999999858,4.799999999999693,145,10.920534676155722,0.08494415735021335,1.2669063000939786,"[0.707098097632245, 0.017244647519182255, 0.2985721501996173]","[1.8395103952293708, -1.487716859277303, -2.1034258715683762, 2.956199154227863, 1.4641138287138675, 2.9180485608397797]"
145,small,initial_out_of_view,False,False,,,,,,0.0,,0.0,1,11.093506738174158,0.0,0.003074200125411153,"[0.7110763480605395, -0.027931986825548073, 0.3365977299907727]","[-2.6222646488572954, -2.698254522949591, -3.7169134701405744, -2.340896649514284, -1.81853223766552, -3.528181546246709]"
146,large,initial_out_of_view,False,False,,,,,,0.0,,0.0,1,14.211700165332774,0.0,0.002292199991643429,"[0.6609518975484573, -0.1316325592887045, 0.6717648204302561]","[-10.294186117290728, -17.600042626142116, -21.71194325122179, 6.047549467670699, 0.4677948784090127, 10.019543412027346]"
147,large,converged,True,True,48.94014358520508,0.9963602423667908,0.9963602423667908,48.94014358520508,0.0,4.499999999999726,3.999999999999781,5.499999999999616,166,12.547332755779872,0.35000000000000003,1.4905504998750985,"[0.6872594406444117, 0.030875975669463148, 0.3046503615417752]","[6.238503027374438, -6.3562756536577325, 1.6463113197886692, 27.691305684430752, 6.163298411944986, -29.379886886732436]"
148,small,converged,True,True,87.42700958251953,0.9551714062690735,0.9551714062690735,87.42700958251953,0.0,4.2999999999997485,3.799999999999803,5.299999999999638,160,10.644407075387694,0.06892948309678235,1.4550813999958336,"[0.6896339948003583, -0.033953742227564324, 0.2376161044388234]","[-2.8704067147596413, 1.1971528212321694, 1.6022362586636332, -0.33465582157437, 1.0854714379736574, 1.055060413005192]"
149,medium,initial_out_of_view,False,False,,,,,,0.0,,0.0,1,11.559568613342929,0.0,0.0030170001555234194,"[0.7089476658763645, -0.10977051351993072, 0.213869373211642]","[-7.734694482162592, 7.859807507642865, -6.383538229267773, 7.352431979595217, 2.1224768160479144, 1.4347772619201642]"
150,medium,initial_out_of_view,False,False,,,,,,0.0,,0.0,1,12.010957134866047,0.0,0.0022703001741319895,"[0.7317803214433696, -0.051059574535848695, 0.31986005757203534]","[-3.0006521854572945, 1.8681334538724066, -9.727252766708974, 6.836090431137389, 1.1872840669550975, -2.609938797376943]"
151,small,converged,True,True,21.240203857421875,0.9731318354606628,0.9731318354606628,21.240203857421875,0.0,3.065999999999884,2.565999999999939,4.065999999999774,123,10.635763131302507,0.08500275383878338,1.1654440998099744,"[0.6921153664745868, -0.01265689329615912, 0.26178216497657]","[-1.6177195158454687, -0.6335160916414333, 1.562387107424465, -3.6466882865952357, 0.43524767723635716, 0.3103201725578355]"
152,medium,converged,True,True,161.0653533935547,0.9301022887229919,0.9301022887229919,161.0653533935547,0.0,4.765999999999697,4.265999999999752,5.765999999999587,174,10.644372159796983,0.1910755420737908,1.5500036000739783,"[0.6802957956573173, -0.08099489989100864, 0.32744542460684123]","[-7.8798118021745385, -6.459895611579219, 3.3423246598322542, -6.454901390153998, -3.005361145561009, 2.3299389575511675]"
153,medium,converged,True,True,49.5594596862793,0.9539710879325867,0.9539710879325867,49.5594596862793,0.0,3.899999999999792,3.399999999999847,4.899999999999682,148,10.993778158994722,0.22581236963672763,1.3153958998154849,"[0.7021606566329625, -0.013938374375341475, 0.2942743243055186]","[-2.8447445692477746, -1.6779639512918951, -1.033153777410936, -11.10183271220265, 0.26040895039349365, 9.602861411586105]"
154,small,converged,True,True,65.2078628540039,0.979157567024231,0.979157567024231,65.2078628540039,0.0,3.9319999999997886,3.4319999999998436,4.931999999999679,149,10.64065777444783,0.10339024366942182,1.2453243001364172,"[0.6847735794397198, -0.02053487802793723, 0.23963110173410676]","[-2.324877636220574, 0.28181354107715695, 2.983635319207031, -3.8476673397607355, 0.4731553180459458, 0.38492777346452023]"
155,medium,converged,True,True,103.72904205322266,0.959308385848999,0.959308385848999,103.72904205322266,0.0,4.431999999999734,3.9319999999997886,5.431999999999624,164,10.639032374509366,0.18107518153001287,1.4307961000595242,"[0.6706465781132327, -0.06154338422133943, 0.24988444626723685]","[-6.167196974547288, -2.921433886265884, 6.042425597341108, -5.935357107472495, 1.843895376922486, 2.358043753171213]"
156,medium,initial_out_of_view,False,False,,,,,,0.0,,0.0,1,11.105147869495658,0.0,0.006936399964615703,"[0.7040919414088818, 0.08066296703971207, 0.32901409224163397]","[4.852910310274309, -0.8595240793648156, -3.6398931171161557, -9.525047769459777, -7.706547150904493, 5.616670876251931]"
157,small,converged,True,True,76.85818481445312,0.9681829810142517,0.9681829810142517,76.85818481445312,0.0,4.231999999999756,3.7319999999998106,5.231999999999646,158,10.96104441594844,0.05489760827632491,1.3490577000193298,"[0.7063735713493631, -0.03355263496309435, 0.2587417752240909]","[-2.125765205851618, 2.9285836603338726, -2.595761216191435, 3.6803480953368233, -2.185441659462936, -0.5731252686098678]"
158,small,converged,True,True,84.48895263671875,0.973446786403656,0.973446786403656,84.48895263671875,0.0,4.1999999999997595,3.699999999999814,5.199999999999649,157,10.641034269969131,0.09745293505658009,1.4983057000208646,"[0.6846020988343956, -0.034042892666764774, 0.22778916409804073]","[-2.8104215915229998, 2.444729861190849, 2.5037669189519303, 0.21504549335436174, -2.971569314240414, 3.35876611827448]"
159,medium,initial_out_of_view,False,False,,,,,,0.0,,0.0,1,11.803414385228537,0.0,0.003374599851667881,"[0.7295106571137169, 0.009927789505081667, 0.33892642103528753]","[0.7971926262494655, 0.5148260120562345, -8.918126948112855, 0.11337187021377915, -1.5220726110001603, 5.096869952438855]"
160,large,initial_out_of_view,False,False,,,,,,0.0,,0.0,1,13.30532853212625,0.0,0.002941500162705779,"[0.7282823105627005, 0.10233499990977966, 0.2644822959587127]","[2.4370555823253888, 14.120425469383036, -17.432355785002436, -29.72615915847323, -17.72911752445217, 16.802652441592954]"
161,large,initial_out_of_view,False,False,,,,,,0.0,,0.0,1,10.004217959648782,0.0,0.0023217000998556614,"[0.6050869138057033, 0.25026636301691657, 0.2549120532399391]","[16.77107428445978, -1.3403386728989375, 7.840767368490731, -28.091806739926245, -14.320497737504505, -14.437298588666454]"
162,medium,converged,True,True,71.98471069335938,0.9891451597213745,0.9891451597213745,71.98471069335938,0.0,4.031999999999778,3.5319999999998326,5.031999999999668,152,11.011513816721127,0.08338030666142113,1.3904975999612361,"[0.7082510639046063, -0.04245352703043882, 0.2612371981328888]","[-3.6612284349302335, 2.155961244817565, -2.9848690264790667, -1.5412845836134323, 1.2843723195443992, -4.226881701573585]"
163,large,initial_out_of_view,False,False,,,,,,0.0,,0.0,1,16.46723487583212,0.0,0.0034413000103086233,"[0.598673359950003, -0.07333544327247339, 0.25178054452543824]","[-5.17099611018855, -16.540560009283453, 19.924564347025466, 16.64190016523598, 16.928015388285246, -19.12858811936677]"
164,small,converged,True,True,52.799373626708984,0.9512742161750793,0.9512742161750793,52.799373626708984,0.0,3.965999999999785,3.46599999999984,4.965999999999675,150,11.09929385366572,0.06746231867328348,1.4380771999713033,"[0.710813721761272, -0.016759233353451655, 0.2541281921159342]","[-0.8693105661682532, 2.869827612985695, -3.496517227113398, 3.2743107608044415, 2.0368780606247503, 0.6789947366017373]"
165,medium,converged,True,True,173.3740997314453,0.9744278788566589,0.9744278788566589,173.3740997314453,0.0,4.865999999999686,4.365999999999741,5.865999999999576,177,10.659220157042894,0.17229484769547276,1.6269763999152929,"[0.6743638499743579, -0.0869878889256519, 0.28089433399269353]","[-6.8168669789804355, -3.190857945124826, 4.742774153505016, 3.0688708722687537, -4.05477115808983, -7.315408792109854]"
166,large,initial_out_of_view,False,False,,,,,,0.0,,0.0,1,15.073782375903466,0.0,0.0035630001220852137,"[0.7701245808392406, 0.11319866832392805, 0.28847995641037527]","[9.647462883566043, 12.079712799824481, -24.112160294028524, 11.000566100086473, 7.427988084338352, 7.140764429447152]"
167,medium,converged,True,True,119.41478729248047,0.96456378698349,0.96456378698349,119.41478729248047,0.0,4.599999999999715,4.0999999999997705,5.599999999999605,169,11.049073374310954,0.13022992007652395,1.5602005999535322,"[0.7060661911270187, 0.047315005585942684, 0.23395716875680134]","[3.1881158682478272, 4.562646060796789, -3.082065436388673, -4.241609837111346, 0.6385334052116214, -2.9672788576981866]"
168,small,converged,True,True,72.34085845947266,0.9912173748016357,0.9912173748016357,72.34085845947266,0.0,3.999999999999781,3.499999999999836,4.999999999999671,151,10.76332460451476,0.06124309724741682,1.3627963999751955,"[0.6994852320967233, 0.00157387281787628, 0.23338182579720085]","[-0.2080770609088436, 2.904094462181387, -0.8409049990316966, -2.2466838661486808, 1.8782206645601125, 3.9022189787137442]"
169,medium,initial_out_of_view,False,False,,,,,,0.0,,0.0,1,11.22576371974026,0.0,0.003945800010114908,"[0.7096087341057835, 0.06760281071048084, 0.35486865720993066]","[5.769127775201543, -2.1832858098947057, -4.935140158406741, 1.881621933543535, -6.809080259432379, 4.647842598621843]"
170,large,initial_out_of_view,False,False,,,,,,0.0,,0.0,1,17.458933453352856,0.0,0.003372600069269538,"[0.7076344818701573, 0.08524705586819188, 0.4197398329698417]","[9.00996039729339, -11.676431874270953, -7.538001124523596, 24.078809627109834, 17.426426700129966, 29.183860402622756]"
171,small,converged,True,True,34.5203742980957,0.9691800475120544,0.9691800475120544,34.5203742980957,0.0,3.4319999999998436,2.9319999999998987,4.431999999999734,134,10.638437364290377,0.05452630242087504,1.2197281999979168,"[0.6921690476817808, 0.022416922323601717, 0.265601530293801]","[2.185961446538177, -0.8725444369443767, 1.5476315057839303, 2.106880295677125, 0.19765957621996666, 2.7913323402095704]"
172,large,initial_out_of_view,False,False,,,,,,0.0,,0.0,1,9.243582242689055,0.0,0.0039041999261826277,"[0.6018212505786332, 0.09019770950899318, 0.21991296158119533]","[10.645057358910734, -7.041870921551514, 20.055595796526063, 10.419947769749761, -7.106695214835602, 19.06528500018299]"
173,large,initial_out_of_view,False,False,,,,,,0.0,,0.0,1,15.997821653205577,0.0,0.004207800142467022,"[0.6283482772025141, -0.16734809998257852, 0.257684052339687]","[-17.935971584744216, -9.934295402347967, 9.574569496169296, -29.067718221453173, 15.472339118356551, 19.990919569416]"
174,large,initial_out_of_view,False,False,,,,,,0.0,,0.0,1,11.623023683903632,0.0,0.0043126000091433525,"[0.5958071879840784, -0.07144667082009296, 0.18600433826068768]","[-4.875642798593072, -7.697873781242222, 20.1114033589377, 12.768000320915775, 6.843397742241649, -13.066339013844871]"
175,medium,initial_out_of_view,False,False,,,,,,0.0,,0.0,1,10.895984278721077,0.0,0.0029810999985784292,"[0.6765143802155102, 0.07068957114005997, 0.20567117472322935]","[6.5494055444591766, 1.4499648336523023, 3.1438996472095386, 4.280991308935349, 6.874009896024043, 7.164363116931273]"
176,medium,initial_out_of_view,False,False,,,,,,0.0,,0.0,1,10.583529257537174,0.0,0.0028415999840945005,"[0.6782699965270255, -0.03256944588665544, 0.1728445420963893]","[-4.388391922484114, 6.771804294819864, 1.9753565401818172, -10.050944574849844, -0.8992611423869974, 2.2138243573061516]"
177,small,converged,True,True,59.26686477661133,0.9815810322761536,0.9815810322761536,59.26686477661133,0.0,3.765999999999807,3.265999999999862,4.765999999999697,144,10.638396675730212,0.07772517771475188,1.2716733999550343,"[0.6827192309918101, 0.009927127715777067, 0.23136521451744022]","[1.0562434380520562, 1.4933322699738358, 3.305510914398644, 1.3297072911162475, -2.392604963393902, 0.6914687667988098]"
178,medium,converged,True,True,94.76280212402344,0.9852165579795837,0.9852165579795837,94.76280212402344,0.0,4.2999999999997485,3.799999999999803,5.299999999999638,160,10.750908832397828,0.316525751911661,1.5188521998934448,"[0.701519317302589, -0.022039441828442884, 0.31241934014657935]","[-2.3070194294079087, -3.1538528508351718, -0.7323251649009741, -3.2561292641221478, -0.08380221289209366, -10.741187299901622]"
179,large,initial_out_of_view,False,False,,,,,,0.0,,0.0,1,14.441584779785838,0.0,0.0045594999101012945,"[0.5997484721150117, 0.04696222027932089, 0.09340997195183294]","[1.1040379754779401, 3.1214729861116837, 13.181914317892549, -28.379963767791484, 14.019292524432316, -28.523667038054533]"
180,small,converged,True,True,82.67066955566406,0.9934746026992798,0.9934746026992798,82.67066955566406,0.0,4.231999999999756,3.7319999999998106,5.231999999999646,158,10.644095342140375,0.07908478187205531,1.3859633000101894,"[0.6898536204006765, -0.013872545886593016, 0.23800745702114692]","[-0.8116470141896799, 0.7421701487775283, 1.7372137198047977, 2.2666268531893223, 2.4345608400215886, 3.2716326785324332]"
181,small,converged,True,True,65.01028442382812,0.9929360151290894,0.9929360151290894,65.01028442382812,0.0,3.999999999999781,3.499999999999836,4.999999999999671,151,10.639262138313503,0.09407040165974725,1.344255199888721,"[0.68406177293595, 0.0327530529799754, 0.27728312911124764]","[2.6025139872914096, -2.434248963252106, 3.5528698289736234, -0.8241152620446233, -2.700716980968761, 0.5355809804299918]"
182,medium,converged,True,True,58.3629150390625,0.9898604154586792,0.9898604154586792,58.3629150390625,0.0,3.899999999999792,3.399999999999847,4.899999999999682,148,10.864783999024583,0.15959548058796277,1.3027860999573022,"[0.7008176747092957, -0.0450101360128507, 0.2570005637387192]","[-4.992727341724558, 3.22067047732002, -1.6680969101827987, -7.658145489447752, -5.478068766598517, -5.183510062313693]"
183,small,converged,True,True,21.160295486450195,0.9435598850250244,0.9435598850250244,21.160295486450195,0.0,3.2319999999998656,2.7319999999999207,4.231999999999756,128,10.65488551019934,0.06391357854887561,1.149915900081396,"[0.6982920040286223, 0.00786040262396663, 0.27168878458015167]","[0.9435768353674865, -1.0781377815672426, 0.15553990134730444, 2.025187138151904, 2.7066526733823633, 3.839586786691939]"
184,medium,converged,True,True,130.3380584716797,0.9667946696281433,0.9667946696281433,130.3380584716797,0.0,4.631999999999712,4.131999999999767,5.631999999999602,170,10.65107463944012,0.13139256864545784,1.5089681998360902,"[0.6834227188967887, -0.054125030923517614, 0.23116588454918685]","[-3.689919875972688, 2.2041821850036634, 2.497969979047234, 4.941738203127066, -3.2283528042578347, -10.135335736762613]"
185,medium,initial_out_of_view,False,False,,,,,,0.0,,0.0,1,10.926232745515472,0.0,0.0034340000711381435,"[0.692862270955095, 0.08441419301909428, 0.39346348991201824]","[5.253249661090971, -7.180581519488339, -2.1510926783828133, -9.485662686030413, -7.399648111704897, -8.458846498290253]"
186,medium,converged,True,True,93.1452865600586,0.9909483790397644,0.9909483790397644,93.1452865600586,0.0,4.365999999999741,3.865999999999796,5.365999999999631,162,11.467915734842636,0.19074101496419021,1.5166543000377715,"[0.6731724598885035, -0.04154555329996217, 0.2894701256948354]","[-3.232886562751345, -7.748451295812071, 6.0734778366231446, 2.2193874328081726, 7.717518694992414, 9.347976534644534]"
187,small,converged,True,True,36.443275451660156,0.9451825618743896,0.9451825618743896,36.443275451660156,0.0,3.565999999999829,3.065999999999884,4.565999999999719,138,11.060974345342059,0.06662632149447327,1.278876099968329,"[0.7114484427514043, -0.017636851790080156, 0.274805162098789]","[-1.5097687497081573, 1.6052475927805725, -3.4469656316090376, -0.5874546432191883, 0.26936970567994845, -1.2802176637151321]"
188,small,converged,True,True,73.7258529663086,0.9774169325828552,0.9774169325828552,73.7258529663086,0.0,3.9319999999997886,3.4319999999998436,4.931999999999679,149,10.640202704520073,0.0688483618275405,1.404516999842599,"[0.6847155589296624, 0.020558824702894614, 0.22286973512065358]","[1.9544151154273317, 2.8427674743993743, 2.476936680562739, 1.389994177913521, -2.857771945858908, 1.2258079474170183]"
189,medium,initial_out_of_view,False,False,,,,,,0.0,,0.0,1,10.600512629612,0.0,0.003016799921169877,"[0.6947690725428262, -0.055824780513033884, 0.32059898491093913]","[-4.270627009435204, -3.4585621228840147, 0.271707957698446, 1.896669637300505, -4.33449853949098, -11.34209846723337]"
190,medium,initial_out_of_view,False,False,,,,,,0.0,,0.0,1,10.575278217378106,0.0,0.0023859001230448484,"[0.6818919294870696, -0.10989335646153615, 0.33823136778903845]","[-7.26107358865038, -5.636782029801314, 1.4335141074259745, 10.916991584512736, -5.154887826164323, 11.471857586780885]"
191,large,initial_out_of_view,False,False,,,,,,0.0,,0.0,1,8.590615475381668,0.0,0.0021559998858720064,"[0.5653622150119552, -0.18086849531729635, 0.2853862638352257]","[-17.625163566596243, -13.819145798411416, 24.356405139294274, 0.4918046152952513, -14.839550123879905, -22.69719719512493]"
192,large,initial_out_of_view,False,False,,,,,,0.0,,0.0,1,14.533871629489152,0.0,0.0023472998291254044,"[0.7038355147958011, 0.028435667707865396, 0.5871284495033509]","[6.92502637330611, -11.222226261052239, -21.193857349725846, 28.67553633140149, -3.9680431725646788, -24.36416410946306]"
193,small,converged,True,True,81.20144653320312,0.9719951152801514,0.9719951152801514,81.20144653320312,0.0,4.265999999999752,3.765999999999807,5.265999999999642,159,10.815902600528194,0.07783051627182865,1.4505437000188977,"[0.703994064229224, -0.02443381727023083, 0.2965714600212791]","[-2.2417896913136617, -0.7435698393199663, -1.5150004406142248, -1.5568194534486466, -2.5415972627845997, 2.8436650834263695]"
194,medium,initial_out_of_view,False,False,,,,,,0.0,,0.0,1,11.684613226096166,0.0,0.0036438999231904745,"[0.7056343822112913, -0.11808996698517613, 0.3743521928249161]","[-7.912970347351887, -5.828369692670947, -5.553880377025175, 11.263318764717908, 3.347068394065923, -10.497460710366934]"
195,small,converged,True,True,16.48666763305664,0.9861186146736145,0.9861186146736145,16.49198341369629,0.03224290534606933,2.7319999999999207,2.231999999999976,3.7319999999998106,113,10.843085604419644,0.07670295730958591,1.0416176000144333,"[0.703113942202218, 0.006520798871478912, 0.2506226522255542]","[1.1048669514814549, 2.8444208423591864, -1.6036218225986936, 3.566602200478698, -1.721636155654061, -0.6216124458655967]"
196,large,initial_out_of_view,False,False,,,,,,0.0,,0.0,1,15.977319908077494,0.0,0.002932199975475669,"[0.7127321281439827, -0.20669339056222416, 0.3770968004756229]","[-15.174975904623516, -3.757400287491846, -13.549111109919675, 11.403241868041086, 17.40124199887434, -6.065769127421877]"
197,large,initial_out_of_view,False,False,,,,,,0.0,,0.0,1,13.511003785895422,0.0,0.0027278000488877296,"[0.5339808487910452, -0.12723861831651448, 0.06017389982661049]","[-11.076316705575596, 1.9753472586562637, 21.484977708900317, 17.673203522339314, 14.42202591971386, -10.400262985932326]"
198,medium,initial_out_of_view,False,False,,,,,,0.0,,0.0,1,10.10556421156591,0.0,0.003091000020503998,"[0.6548606620446086, -0.06780384263724307, 0.2021062045886124]","[-4.680736665684401, -0.13231616698092274, 8.354874430244777, 7.614360084742181, 1.1213940388523884, -7.729822161826627]"
199,large,initial_out_of_view,False,False,,,,,,0.0,,0.0,1,11.935547554003081,0.0,0.003746800124645233,"[0.6304765588527018, 0.15976467339561484, 0.05745860982182493]","[13.840485845610967, 14.065420890265585, 0.892964219049837, -3.187825829241614, 12.919804195473898, -21.355609953155064]"
200,large,initial_out_of_view,False,False,,,,,,0.0,,0.0,1,12.563174044718048,0.0,0.002860599895939231,"[0.7242206167832388, 0.0008281715777419269, 0.4241465516623998]","[0.8037607953683583, 0.68244207256528, -14.088721861658977, 3.7318963414766912, -17.491056452345358, -27.060723699862887]"
