profile,pose,motion,joint,requested_rad_s,speed_at_command_rad_s,limited_by_guard,setpoint_stop_ms,predicted_setpoint_stop_ms,physical_stop_ms,joint_travel_rad,predicted_travel_bound_rad,camera_travel_mm,tool_travel_mm,camera_rotation_deg,peak_measured_accel_rad_s2,peak_setpoint_accel_rad_s2,peak_setpoint_jerk_rad_s3,peak_measured_jerk_rad_s3,start_reached_ms,start_peak_setpoint_accel_rad_s2,start_peak_setpoint_jerk_rad_s3,start_peak_measured_accel_rad_s2,outcome,stop_clamps
ideal,home,joint0+,0,0.1,0.09803918291458084,False,2.0000000000000018,0.0,54.00000000000005,0.0010466510286449501,0.0015,0.7374792576906978,0.6182599923928196,0.062149634410804656,7.749970347358769,50.0,0.0,621.6180560871117,2.0,50.0,0.0,7.750016978816116,stopped,0
ideal,home,joint0+,0,0.35,0.3431358518470575,False,2.0000000000000018,0.0,70.00000000000006,0.0036684062926277267,0.0052499999999999995,2.584881758183465,2.167029095733081,0.2178284494385537,27.12306045157023,174.99999999999997,0.0,2175.385676614461,2.0,174.99999999999997,0.0,27.125059425856406,stopped,0
ideal,home,joint0+,0,0.6,0.5882282270899103,False,2.0000000000000018,0.0,76.00000000000007,0.006290840627754257,0.009,4.43305679499012,3.716496311446866,0.3735447106114856,46.490033366670566,300.0,0.0,3728.2286328471487,2.0,300.0,0.0,46.50010187289669,stopped,0
ideal,home,joint0-,0,0.1,0.09803918291458084,False,2.0000000000000018,0.0,54.00000000000005,0.0010466510286449501,0.0015,0.7374792576906978,0.6182599923928196,0.062149634410804656,7.749970347358769,50.0,0.0,621.6180560871117,2.0,50.0,0.0,7.750016978816116,stopped,0
ideal,home,joint0-,0,0.35,0.3431358518470575,False,2.0000000000000018,0.0,70.00000000000006,0.0036684062926277267,0.0052499999999999995,2.584881758183465,2.167029095733081,0.2178284494385537,27.12306045157023,174.99999999999997,0.0,2175.385676614461,2.0,174.99999999999997,0.0,27.125059425856406,stopped,0
ideal,home,joint0-,0,0.6,0.5882282270899103,False,2.0000000000000018,0.0,76.00000000000007,0.006290840627754257,0.009,4.43305679499012,3.716496311446866,0.37354471061343697,46.490033366670566,300.0,0.0,3728.2286328471487,2.0,300.0,0.0,46.50010187289669,stopped,0
ideal,home,joint1+,1,0.1,0.09803917978615707,False,2.0000000000000018,0.0,68.00000000000006,0.0011694576799348155,0.0015,1.0888112717425984,0.8940423821991643,0.10291206581943045,9.176117205966943,50.0,0.0,1970.351595373386,2.0,50.0,0.0,9.176823446928724,stopped,0
ideal,home,joint1+,1,0.35,0.3431359992129587,False,2.0000000000000018,0.0,88.00000000000009,0.004104410912544654,0.0052499999999999995,3.8208783843130587,3.1375964732221293,0.3610428310718074,32.10987473924259,174.99999999999997,0.0,6896.376877998602,2.0,174.99999999999997,0.0,32.11888206425054,stopped,0
ideal,home,joint1+,1,0.6,0.5882290588386339,False,2.0000000000000018,0.0,96.00000000000009,0.007042161568460381,0.009,6.554194329530365,5.382559845759869,0.6191024335081233,55.03342701791686,300.0,0.0,11823.901201299137,2.0,300.0,0.0,55.060940681572355,stopped,0
ideal,home,joint1-,1,0.1,0.09803917982880231,False,2.0000000000000018,0.0,68.00000000000006,0.0011691002842312281,0.0015,1.0887633746365268,0.8939538560569817,0.10293259932581557,9.177505104896982,50.0,0.0,1970.4724022157015,2.0,50.0,0.0,9.176823446928728,stopped,0
ideal,home,joint1-,1,0.35,0.34313599660396465,False,2.0000000000000018,0.0,88.00000000000009,0.004100014890787151,0.0052499999999999995,3.820275246171318,3.1364989258968112,0.36129263742307854,32.12686978453283,174.99999999999997,0.0,6897.8544005069525,2.0,174.99999999999997,0.0,32.11888206425054,stopped,0
ideal,home,joint1-,1,0.6,0.5882290317373183,False,2.0000000000000018,0.0,96.00000000000009,0.007029238593643017,0.009,6.552419489393961,5.379332893530197,0.6198360990229688,55.083329981470115,300.0,0.0,11828.22866027738,2.0,300.0,0.0,55.060940681572355,stopped,0
ideal,home,joint2+,2,0.1,0.09740259239165504,False,2.0000000000000018,0.0,54.00000000000005,0.0004908368468283797,0.0015,0.5210718232822877,0.42159924643919544,0.05383173218578099,17.884910090510253,50.0,0.0,3674.673185952006,2.0,50.0,0.0,18.03213266673411,stopped,0
ideal,home,joint2+,2,0.35,0.34090898852482954,False,2.0000000000000018,0.0,72.00000000000006,0.0017249381606962988,0.0052499999999999995,1.7681267104742537,1.424745922585139,0.18569422174895264,61.34726841242433,174.99999999999997,0.0,12308.797322978904,2.0,174.99999999999997,0.0,63.112464333569356,stopped,0
ideal,home,joint2+,2,0.6,0.5844152921988053,False,2.0000000000000018,0.0,76.00000000000007,0.0029600156440585668,0.009,2.9223145838900217,2.3450036922763564,0.3121486283872246,103.12133199672743,300.0,0.0,20211.769954198353,2.0,300.0,0.0,108.19279600040463,stopped,0
ideal,home,joint2-,2,0.1,0.09740259119120746,False,2.0000000000000018,0.0,56.00000000000005,0.0004905317290255784,0.0015,0.536052117265589,0.4351355117825964,0.054655296282578224,18.18177127414982,50.0,0.0,3808.0364856020738,2.0,50.0,0.0,18.0321326667341,stopped,0
ideal,home,joint2-,2,0.35,0.3409088541014614,False,2.0000000000000018,0.0,78.00000000000007,0.0017212172672798065,0.0052499999999999995,1.9518714095658696,1.5908242443573444,0.1957815716726079,64.98104505236796,174.99999999999997,0.0,13942.579100254448,2.0,174.99999999999997,0.0,63.112464333569356,stopped,0
ideal,home,joint2-,2,0.6,0.5844141588516489,False,2.0000000000000018,0.0,90.00000000000009,0.002950178313063656,0.009,3.462403085039498,2.832983250978211,0.3419092367084113,113.78285458145822,300.0,0.0,25013.46735106811,2.0,300.0,0.0,108.19279600040463,stopped,0
ideal,home,joint3+,3,0.1,0.09493670874617337,False,2.0000000000000018,0.0,10.000000000000009,9.82475467836974e-05,0.0015,0.02462678283911782,0.015492536437323777,0.00643999543174845,31.379856391320736,50.0,0.0,10380.84537771352,2.0,50.0,0.0,31.379838299485012,stopped,0
ideal,home,joint3+,3,0.35,0.33227847609186534,False,2.0000000000000018,0.0,26.00000000000002,0.0003441590203303174,0.0052499999999999995,0.08970844160231096,0.05716266240952736,0.02275851014652965,109.8302078862876,174.99999999999997,0.0,36333.55676918422,2.0,174.99999999999997,0.0,109.82943404819754,stopped,0
ideal,home,joint3+,3,0.6,0.5696202282624038,False,2.0000000000000018,0.0,32.00000000000003,0.0005900531230337847,0.009,0.15505232923448084,0.09903244645539763,0.03905880620166567,188.28290869120391,300.0,0.0,62288.245719867235,2.0,300.0,0.0,188.27902979691007,stopped,0
ideal,home,joint3-,3,0.1,0.09493670874617337,False,2.0000000000000018,0.0,10.000000000000009,9.82475467836974e-05,0.0015,0.02462678283911782,0.015492536437323777,0.00643999543174845,31.379856391320736,50.0,0.0,10380.84537771352,2.0,50.0,0.0,31.379838299485012,stopped,0
ideal,home,joint3-,3,0.35,0.33227847609186534,False,2.0000000000000018,0.0,26.00000000000002,0.0003441590203303174,0.0052499999999999995,0.08970844160231096,0.05716266240952736,0.02275851014652965,109.8302078862876,174.99999999999997,0.0,36333.55676918422,2.0,174.99999999999997,0.0,109.82943404819754,stopped,0
ideal,home,joint3-,3,0.6,0.5696202282624038,False,2.0000000000000018,0.0,32.00000000000003,0.0005900531230337847,0.009,0.15505232923448084,0.09903244645539763,0.03905880620166567,188.28290869120391,300.0,0.0,62288.245719867235,2.0,300.0,0.0,188.27902979691007,stopped,0
ideal,home,joint4+,4,0.1,0.09493670851335397,False,2.0000000000000018,0.0,16.000000000000014,0.00010519454918977988,0.0015,0.050599445348871876,0.033204969614552014,0.009174874626892619,30.817480134287138,50.0,0.0,10026.390058607842,2.0,50.0,0.0,30.813059598720642,stopped,0
ideal,home,joint4+,4,0.35,0.3322784666883974,False,2.0000000000000018,0.0,36.00000000000003,0.00036906481429466176,0.0052499999999999995,0.18885027190964782,0.12560197290394604,0.033213001583251356,107.897345822166,174.99999999999997,0.0,35120.762402295775,2.0,174.99999999999997,0.0,107.84570859552224,stopped,0
ideal,home,joint4+,4,0.6,0.569620179910241,False,2.0000000000000018,0.0,44.00000000000004,0.0006329113758735128,0.009,0.3292463026842754,0.21948788672923567,0.05743004317513228,185.0222558312551,300.0,0.0,60251.434864369985,2.0,300.0,0.0,184.87835759232382,stopped,0
ideal,home,joint4-,4,0.1,0.09493670852107938,False,2.0000000000000018,0.0,16.000000000000014,0.0001052030732170417,0.0015,0.050061924041680125,0.03281977150073171,0.009132902224252008,30.80848482215318,50.0,0.0,10019.437763306336,2.0,50.0,0.0,30.813059598720635,stopped,0
ideal,home,joint4-,4,0.35,0.33227846780112724,False,2.0000000000000018,0.0,36.00000000000003,0.0003691106478166395,0.0052499999999999995,0.18183170113234293,0.12057115628074858,0.03266371986632063,107.78746834841597,174.99999999999997,0.0,35035.83531649238,2.0,174.99999999999997,0.0,107.84570859552224,stopped,0
ideal,home,joint4-,4,0.6,0.5696201894316891,False,2.0000000000000018,0.0,44.00000000000004,0.0006330173699514718,0.009,0.3084856962053283,0.20459521944023182,0.055801812284445064,184.70129964139016,300.0,0.0,60003.328674117656,2.0,300.0,0.0,184.87835759232382,stopped,0
ideal,home,joint5+,5,0.1,0.09259259259259259,False,2.0000000000000018,0.0,12.00000000000001,0.0001292324527960298,0.0015,3.573654036609663e-05,1.2414432725076652e-05,0.007419000992811326,27.267558843664236,50.0,0.0,8030.029858869245,2.0,50.0,0.0,27.267558843660463,stopped,0
ideal,home,joint5+,5,0.35,0.32407407407407407,False,2.0000000000000018,0.0,14.000000000000012,0.0004523137615946582,0.0052499999999999995,0.00012530346757250882,4.3639438973518675e-05,0.02596651419184935,95.43645595297312,174.99999999999997,0.0,28105.10450622644,2.0,174.99999999999997,0.0,95.43645595281163,stopped,0
ideal,home,joint5+,5,0.6,0.5555555555555556,False,2.0000000000000018,0.0,16.000000000000014,0.0007753951444680329,0.009,0.00021513169309774762,7.508335090518589e-05,0.04451403277085836,163.60535306277308,300.0,0.0,48180.179154193196,2.0,300.0,0.0,163.60535306196277,stopped,0
ideal,home,joint5-,5,0.1,0.09259259259259259,False,2.0000000000000018,0.0,12.00000000000001,0.0001292324527960298,0.0015,3.573654036609663e-05,1.2414432725076652e-05,0.007419000992811326,27.267558843664236,50.0,0.0,8030.029858869245,2.0,50.0,0.0,27.267558843660463,stopped,0
ideal,home,joint5-,5,0.35,0.32407407407407407,False,2.0000000000000018,0.0,14.000000000000012,0.0004523137615946582,0.0052499999999999995,0.00012530346757250882,4.3639438973518675e-05,0.02596651419184935,95.43645595297312,174.99999999999997,0.0,28105.10450622644,2.0,174.99999999999997,0.0,95.43645595281163,stopped,0
ideal,home,joint5-,5,0.6,0.5555555555555556,False,2.0000000000000018,0.0,16.000000000000014,0.0007753951444680329,0.009,0.00021513169309774762,7.508335090518589e-05,0.04451403277085836,163.60535306277308,300.0,0.0,48180.179154193196,2.0,300.0,0.0,163.60535306196277,stopped,0
ideal,home,all+,,0.1,0.0980213129983153,False,2.0000000000000018,0.0,60.00000000000006,0.0010491830686236193,0.0015,0.9671431729086489,0.8082277431448609,0.08350709447018578,32.85653372896783,50.0,0.0,10990.251471477615,2.0,50.0,0.0,32.855837935747864,stopped,0
ideal,home,all+,,0.35,0.3428924066022746,False,2.0000000000000018,0.0,84.00000000000007,0.003876975173514624,0.0052499999999999995,3.620956100097078,3.0346814032469736,0.3070673548692086,114.97437574519263,174.99999999999997,0.0,38558.00003193107,2.0,174.99999999999997,0.0,114.99543277511754,stopped,0
ideal,home,all+,,0.6,0.58751572077696,False,2.0000000000000018,0.0,94.00000000000009,0.006975207822478929,0.009,6.582856406659134,5.534372637868956,0.5495129153569372,196.9800939210691,300.0,0.0,66221.5331120058,2.0,300.0,0.0,197.1350276144872,stopped,0
ideal,home,all-,,0.1,0.09814211504885899,False,2.0000000000000018,0.0,60.00000000000006,0.0010018462095247628,0.0015,0.9143112928109565,0.7624452664680395,0.08027861111415528,32.85333978722242,50.0,0.0,10966.040419570189,2.0,50.0,0.0,32.855837935747864,stopped,0
ideal,home,all-,,0.35,0.3444319134518525,False,2.0000000000000018,0.0,76.00000000000007,0.0032945963458357735,0.0052499999999999995,2.968795893164045,2.469878625427317,0.2669569485426713,114.93924425136777,174.99999999999997,0.0,38266.506396893856,2.0,174.99999999999997,0.0,114.99543277511754,stopped,0
ideal,home,all-,,0.6,0.5921061160379535,False,2.0000000000000018,0.0,80.00000000000007,0.005272112938768864,0.009,4.678000009756888,3.8850267476038196,0.4320728162802469,196.90112427491738,300.0,0.0,65396.143308412036,2.0,300.0,0.0,197.1350276144872,stopped,0
ideal,start,joint0+,0,0.1,0.09803918242097989,False,2.0000000000000018,0.0,52.00000000000004,0.0009833187293224466,0.0015,0.6784726288430736,0.5660363301247552,0.05860862992225865,8.170883688723297,50.0,0.0,691.270177906933,2.0,50.0,0.0,8.170933211164556,stopped,0
ideal,start,joint0+,0,0.35,0.3431358292616325,False,2.0000000000000018,0.0,66.00000000000006,0.003445520561090293,0.0052499999999999995,2.377442901700937,1.9834643486274874,0.2053633433164843,28.59604103383917,174.99999999999997,0.0,2419.1198705374877,2.0,174.99999999999997,0.0,28.598266239075947,stopped,0
ideal,start,joint0+,0,0.6,0.5882281126479562,False,2.0000000000000018,0.0,72.00000000000006,0.005908651653289215,0.009,4.077345398919716,3.401716398793539,0.3521709289541397,49.014305362229834,300.0,0.0,4145.870586157866,2.0,300.0,0.0,49.025599266987335,stopped,0
ideal,start,joint0-,0,0.1,0.0980391824209701,False,2.0000000000000018,0.0,52.00000000000004,0.0009833191699966728,0.0015,0.678471253958355,0.5660359389689931,0.05860858818286808,8.17087701549929,50.0,0.0,691.2685449635832,2.0,50.0,0.0,8.170933211164556,stopped,0
ideal,start,joint0-,0,0.35,0.34313582926019154,False,2.0000000000000018,0.0,66.00000000000006,0.003445525967654118,0.0052499999999999995,2.3774260557776583,1.9834595527595547,0.20536283130481708,28.59595929866049,174.99999999999997,0.0,2419.099870747955,2.0,174.99999999999997,0.0,28.598266239075947,stopped,0
ideal,start,joint0-,0,0.6,0.5882281126355349,False,2.0000000000000018,0.0,72.00000000000006,0.005908667547176158,0.009,4.077295907940678,3.401702310957211,0.352169421909607,49.0140652341699,300.0,0.0,4145.811834623966,2.0,300.0,0.0,49.025599266987335,stopped,0
ideal,start,joint1+,1,0.1,0.09803918265348513,False,2.0000000000000018,0.0,66.00000000000006,0.0011230820577834422,0.0015,1.0200821026953706,0.8343696791174972,0.09832465456460653,9.275676382155922,50.0,0.0,1855.6333486422304,2.0,50.0,0.0,9.276502588428297,stopped,0
ideal,start,joint1+,1,0.35,0.34313598433415915,False,2.0000000000000018,0.0,84.00000000000007,0.0039404796633485395,0.0052499999999999995,3.578531747113081,2.9272342857719504,0.3448343785442987,32.4571809078871,174.99999999999997,0.0,6493.765416243125,2.0,174.99999999999997,0.0,32.46775905949904,stopped,0
ideal,start,joint1+,1,0.6,0.5882289419555108,False,2.0000000000000018,0.0,92.00000000000009,0.006760950573438174,0.009,6.138433487672943,5.021651770965188,0.5913008209021371,55.62659260078995,300.0,0.0,11131.779921940186,2.0,300.0,0.0,55.659015530569775,stopped,0
ideal,start,joint1-,1,0.1,0.09803918266855322,False,2.0000000000000018,0.0,66.00000000000006,0.0011227416987061867,0.0015,1.0200606773257106,0.8343060001840189,0.09834662518927267,9.277298118370538,50.0,0.0,1855.9992063248906,2.0,50.0,0.0,9.276502588428297,stopped,0
ideal,start,joint1-,1,0.35,0.34313598181886545,False,2.0000000000000018,0.0,84.00000000000007,0.003936295693616421,0.0052499999999999995,3.578256380139171,2.926443997046361,0.34510211270847096,32.47704037850072,174.99999999999997,0.0,6498.244844085185,2.0,174.99999999999997,0.0,32.46775905949904,stopped,0
ideal,start,joint1-,1,0.6,0.5882289178051523,False,2.0000000000000018,0.0,92.00000000000009,0.006748650725673211,0.009,6.137621971396763,5.019327803644045,0.5920872002901604,55.684912960525494,300.0,0.0,11144.92950733331,2.0,300.0,0.0,55.659015530569775,stopped,0
ideal,start,joint2+,2,0.1,0.09740259451250151,False,2.0000000000000018,0.0,52.00000000000004,0.0004898475183141571,0.0015,0.49604577755254403,0.4000462241197665,0.0523591713701654,17.49133345733288,50.0,0.0,3496.2264197833956,2.0,50.0,0.0,17.631337497308877,stopped,0
ideal,start,joint2+,2,0.35,0.3409090419713199,False,2.0000000000000018,0.0,68.00000000000006,0.001720700884438875,0.0052499999999999995,1.6805535277706014,1.3497386341900988,0.18038297402998338,60.034968938084994,174.99999999999997,0.0,11722.928331337367,2.0,174.99999999999997,0.0,61.70968124058108,stopped,0
ideal,start,joint2+,2,0.6,0.5844155300350553,False,2.0000000000000018,0.0,74.00000000000007,0.0029528837778209915,0.009,2.7756184764712173,2.22006065182066,0.3030413584156332,100.98761168066852,300.0,0.0,19272.562715771764,2.0,300.0,0.0,105.78802498385328,stopped,0
ideal,start,joint2-,2,0.1,0.09740259352787628,False,2.0000000000000018,0.0,54.00000000000005,0.0004895513052036726,0.0015,0.5107818888243748,0.41329431478479733,0.05319390035260814,17.773911926584958,50.0,0.0,3620.65606779451,2.0,50.0,0.0,17.631337497308877,stopped,0
ideal,start,joint2-,2,0.35,0.34090892037955645,False,2.0000000000000018,0.0,76.00000000000007,0.0017174043814980333,0.0052499999999999995,1.8618057956752745,1.5126868002863147,0.19065856764546754,63.494421322137825,174.99999999999997,0.0,13247.579086467396,2.0,174.99999999999997,0.0,61.70968124058108,stopped,0
ideal,start,joint2-,2,0.6,0.5844144969791354,False,2.0000000000000018,0.0,86.00000000000007,0.0029432127992170543,0.009,3.306615523469242,2.6974046002540963,0.33317808888978423,111.14080516061931,300.0,0.0,23755.464015588514,2.0,300.0,0.0,105.78802498385328,stopped,0
ideal,start,joint3+,3,0.1,0.09493670874311635,False,2.0000000000000018,0.0,10.000000000000009,9.875426565061907e-05,0.0015,0.025237106797646257,0.01571273211069675,0.006504629162481728,31.334943523270173,50.0,0.0,10352.456513469022,2.0,50.0,0.0,31.33484029505406,stopped,0
ideal,start,joint3+,3,0.35,0.33227847594768756,False,2.0000000000000018,0.0,24.00000000000002,0.00034590979504542374,0.0052499999999999995,0.09141680661116085,0.057558738816106673,0.022952985924354796,109.67377277446816,174.99999999999997,0.0,36234.830243316654,2.0,174.99999999999997,0.0,109.67194103268922,stopped,0
ideal,start,joint3+,3,0.6,0.5696202274746222,False,2.0000000000000018,0.0,30.00000000000003,0.0005930611263815777,0.009,0.15821410231322192,0.09989788063540123,0.03939021639314352,188.01605677002019,300.0,0.0,62120.100445006145,2.0,300.0,0.0,188.00904177032436,stopped,0
ideal,start,joint3-,3,0.1,0.09493670874334167,False,2.0000000000000018,0.0,10.000000000000009,9.875461986714323e-05,0.0015,0.025212426869506987,0.015693283682069382,0.00650528200981707,31.334774556827018,50.0,0.0,10352.314891169386,2.0,50.0,0.0,31.33484029505406,stopped,0
ideal,start,joint3-,3,0.35,0.33227847598003274,False,2.0000000000000018,0.0,24.00000000000002,0.0003459123891886434,0.0052499999999999995,0.09105516871397894,0.05727025813293882,0.022959709177538676,109.67171279640296,174.99999999999997,0.0,36233.10341429251,2.0,174.99999999999997,0.0,109.67194103268922,stopped,0
ideal,start,joint3-,3,0.6,0.5696202277509129,False,2.0000000000000018,0.0,30.00000000000003,0.0005930670364413942,0.009,0.15712017780717574,0.0990223758527629,0.03940900680823228,188.01006392295548,300.0,0.0,62115.07541698792,2.0,300.0,0.0,188.00904177032436,stopped,0
ideal,start,joint4+,4,0.1,0.09493670854119268,False,2.0000000000000018,0.0,16.000000000000014,0.00010522615090435838,0.0015,0.04951714172319915,0.032234729796621626,0.009130925108171874,30.812891614608503,50.0,0.0,10023.390454606373,2.0,50.0,0.0,30.808351587729945,stopped,0
ideal,start,joint4+,4,0.35,0.33227846745010553,False,2.0000000000000018,0.0,34.00000000000003,0.000369068449501464,0.0052499999999999995,0.1836745314504781,0.12103930888651096,0.032940430126015954,107.88249717277955,174.99999999999997,0.0,35111.025895081795,2.0,174.99999999999997,0.0,107.8292305570548,stopped,0
ideal,start,joint4+,4,0.6,0.5696201835420808,False,2.0000000000000018,0.0,42.000000000000036,0.0006329211450498695,0.009,0.3205293577680071,0.21176956271401517,0.05697862400234973,184.9992653646205,300.0,0.0,60236.320162743024,2.0,300.0,0.0,184.85010952637967,stopped,0
ideal,start,joint4-,4,0.1,0.0949367085489018,False,2.0000000000000018,0.0,16.000000000000014,0.00010523456347766302,0.0015,0.048958441346556185,0.03183341469456685,0.009086920090471642,30.8036684322367,50.0,0.0,10016.29788853587,2.0,50.0,0.0,30.808351587729945,stopped,0
ideal,start,joint4-,4,0.35,0.33227846857796056,False,2.0000000000000018,0.0,34.00000000000003,0.0003691160177986541,0.0052499999999999995,0.1764341818974962,0.11583921965488685,0.03236866602448752,107.76983642808415,174.99999999999997,0.0,35024.38554924811,2.0,174.99999999999997,0.0,107.8292305570548,stopped,0
ideal,start,joint4-,4,0.6,0.5696201932021083,False,2.0000000000000018,0.0,42.000000000000036,0.0006330297322890699,0.009,0.2991085656643108,0.19637368792294266,0.055283193683089794,184.6701800994219,300.0,0.0,59983.21036153431,2.0,300.0,0.0,184.85010952637967,stopped,0
ideal,start,joint5+,5,0.1,0.09259259259259259,False,2.0000000000000018,0.0,12.00000000000001,0.00012923245278135403,0.0015,3.46896642587231e-05,1.2128182445635207e-05,0.0074181742569651935,27.267555932263605,50.0,0.0,8030.02715935019,2.0,50.0,0.0,27.26755593224385,stopped,0
ideal,start,joint5+,5,0.35,0.32407407407407407,False,2.0000000000000018,0.0,14.000000000000012,0.00045231376154725167,0.0052499999999999995,0.00012161119990142241,4.268621892650342e-05,0.025963620631528822,95.43644576321032,174.99999999999997,0.0,28105.095058074065,2.0,174.99999999999997,0.0,95.43644576285348,stopped,0
ideal,start,joint5+,5,0.6,0.5555555555555556,False,2.0000000000000018,0.0,16.000000000000014,0.0007753951443944807,0.009,0.0002087640354382634,7.352691374715601e-05,0.04450907335728785,163.60533559484364,300.0,0.0,48180.16295763849,2.0,300.0,0.0,163.6053355934631,stopped,0
ideal,start,joint5-,5,0.1,0.09259259259259259,False,2.0000000000000018,0.0,12.00000000000001,0.00012923245278134536,0.0015,3.468966051210583e-05,1.2128186140196115e-05,0.007418173765651941,27.26755593223167,50.0,0.0,8030.027159312604,2.0,50.0,0.0,27.26755593224385,stopped,0
ideal,start,joint5-,5,0.35,0.32407407407407407,False,2.0000000000000018,0.0,14.000000000000012,0.00045231376154721004,0.0052499999999999995,0.00012161117946336745,4.268630649797191e-05,0.025963620519228698,95.43644576282072,174.99999999999997,0.0,28105.095057615516,2.0,174.99999999999997,0.0,95.43644576285348,stopped,0
ideal,start,joint5-,5,0.6,0.5555555555555556,False,2.0000000000000018,0.0,16.000000000000014,0.0007753951443943974,0.009,0.00020876404512719805,7.352728684717868e-05,0.04450907332453365,163.60533559370853,300.0,0.0,48180.16295630237,2.0,300.0,0.0,163.6053355934631,stopped,0
ideal,start,all+,,0.1,0.09802272625771367,False,2.0000000000000018,0.0,58.00000000000005,0.0009876912329122717,0.0015,0.8959013130373497,0.7453765890756808,0.07913087599282341,32.97841777082695,50.0,0.0,11050.086479944144,2.0,50.0,0.0,32.9818390169025,stopped,0
ideal,start,all+,,0.35,0.34291228347298675,False,2.0000000000000018,0.0,80.00000000000007,0.003667299783416289,0.0052499999999999995,3.370444919328499,2.8134882941664863,0.2919125018263857,115.36835086076151,174.99999999999997,0.0,38748.19216876705,2.0,174.99999999999997,0.0,115.43643655915875,stopped,0
ideal,start,all+,,0.6,0.587536669267107,False,2.0000000000000018,0.0,92.00000000000009,0.0066295843762906315,0.009,6.158407814103593,5.159117131577188,0.5242359036578854,197.60807833633612,300.0,0.0,66521.14932480388,2.0,300.0,0.0,197.891034101415,stopped,0
ideal,start,all-,,0.1,0.09814402680738916,False,2.0000000000000018,0.0,56.00000000000005,0.0009390214793494785,0.0015,0.8430421717615314,0.6996537070689147,0.07581383291533472,32.98367372942093,50.0,0.0,11031.077536934188,2.0,50.0,0.0,32.9818390169025,stopped,0
ideal,start,all-,,0.35,0.3444444250252196,False,2.0000000000000018,0.0,72.00000000000006,0.0030710293027289594,0.0052499999999999995,2.723068035533954,2.2535586348286327,0.2512195205595179,115.43647701457884,174.99999999999997,0.0,38520.48332537871,2.0,174.99999999999997,0.0,115.43643655915875,stopped,0
ideal,start,all-,,0.6,0.5921100720498693,False,2.0000000000000018,0.0,76.00000000000007,0.004885971544074344,0.009,4.267109641520403,3.5235619845416593,0.40506614016248627,197.83093403613444,300.0,0.0,65883.55180920154,2.0,300.0,0.0,197.891034101415,stopped,0
default,home,joint0+,0,0.1,0.09803918295772378,False,50.00000000000004,51.63977794943222,82.00000000000007,0.0033830583955897983,0.004081988897471611,2.3696297083632896,1.9934060846584258,0.19598037768866022,2.7076169915845814,3.846153846153846,150.00000000000512,128.24399316142475,62.00000000000004,2.0,150.00000000000264,1.9142009491625867,stopped,0
default,home,joint0+,0,0.35,0.3431358520381925,False,102.00000000000003,103.33333333333333,136.00000000000006,0.02071534521587419,0.02333333333333333,14.493790489546301,12.200816524166894,1.19439710773951,4.837494485088661,5.0,150.0000000000129,137.56932384342835,188.00000000000014,2.0,150.00000000000037,1.9607636385225446,stopped,0
default,home,joint0+,0,0.6,0.5882282279304897,False,152.00000000000014,153.33333333333331,186.00000000000017,0.050220863964006685,0.05499999999999999,35.123460115791424,29.57518330468697,2.890278178408269,4.901034231637707,5.0,150.0000000000084,137.55884295765796,312.0000000000002,2.0,150.00000000000003,1.9607636385225446,stopped,0
default,home,joint0-,0,0.1,0.09803918295772378,False,50.00000000000004,51.63977794943222,82.00000000000007,0.0033830583955897983,0.004081988897471611,2.3696297083632896,1.9934060846584258,0.19598037768866022,2.7076169915845814,3.846153846153846,150.00000000000512,128.24399316142475,62.00000000000004,2.0,150.00000000000264,1.9142009491625867,stopped,0
default,home,joint0-,0,0.35,0.3431358520381925,False,102.00000000000003,103.33333333333333,136.00000000000006,0.02071534521587419,0.02333333333333333,14.493790489546301,12.200816524166894,1.19439710773951,4.837494485088661,5.0,150.0000000000129,137.56932384342835,188.00000000000014,2.0,150.00000000000037,1.9607636385225446,stopped,0
default,home,joint0-,0,0.6,0.5882282279304897,False,152.00000000000014,153.33333333333331,186.00000000000017,0.050220863964006685,0.05499999999999999,35.123460115791424,29.57518330468697,2.890278178408269,4.901034231637707,5.0,150.0000000000084,137.55884295765796,312.0000000000002,2.0,150.00000000000003,1.9607636385225446,stopped,0
default,home,joint1+,1,0.1,0.09803918559397243,False,50.00000000000004,51.63977794943222,96.00000000000009,0.0035060854746107317,0.004081988897471611,2.7188681306082416,2.2664963672943763,0.23674433330259081,2.5794357511658914,3.846153846153846,150.00000000000512,122.4942962956832,62.00000000000004,2.0,150.00000000000264,1.870119780878046,stopped,0
default,home,joint1+,1,0.35,0.34313602328824855,False,102.00000000000003,103.33333333333333,152.00000000000009,0.021151545399143434,0.02333333333333333,15.7191314032027,13.161216707395724,1.3365099747594626,4.763915236056807,5.0,150.0000000000129,132.43000201541855,188.00000000000014,2.0,150.00000000000037,1.9605942162883028,stopped,0
default,home,joint1+,1,0.6,0.5882291019187137,False,152.00000000000014,153.33333333333331,202.00000000000017,0.050972305106236626,0.05499999999999999,37.21812514860206,31.223219957144988,3.1308517802902522,4.897337038469979,5.0,150.0000000000084,132.4161076971375,312.0000000000002,2.0,150.00000000000003,1.9606111896461609,stopped,0
default,home,joint1-,1,0.1,0.09803918558495021,False,50.00000000000004,51.63977794943222,96.00000000000009,0.0035057276680524607,0.004081988897471611,2.719410298837715,2.266796053989977,0.2368704708012649,2.579727045390275,3.846153846153846,150.00000000000512,122.50398476284008,62.00000000000004,2.0,150.00000000000264,1.8703485957691606,stopped,0
default,home,joint1-,1,0.35,0.3431360199267465,False,102.00000000000003,103.33333333333333,152.00000000000009,0.021147146363746594,0.02333333333333333,15.732249312568968,13.16898378983803,1.33929352662407,4.763233703457173,5.0,150.0000000000129,132.46242488379468,188.00000000000014,2.0,150.00000000000037,1.9608819136230915,stopped,0
default,home,joint1-,1,0.6,0.5882290725440867,False,152.00000000000014,153.33333333333331,202.00000000000017,0.05095937649568505,0.05499999999999999,37.27219605397761,31.255464880583915,3.1421999146425477,4.895652633103237,5.0,150.0000000000084,132.47639186131366,312.0000000000002,2.0,150.00000000000003,1.9608987295054725,stopped,0
default,home,joint2+,2,0.1,0.09740259384360513,False,50.00000000000004,51.63977794943222,82.00000000000007,0.00281224436657479,0.004081988897471611,1.698539545625394,1.3772784403613494,0.18679573501515986,3.1748778830515203,3.846153846153846,150.00000000000512,139.6731416384196,62.00000000000004,2.0,150.00000000000264,1.924211136916737,stopped,0
default,home,joint2+,2,0.35,0.34090901823612907,False,102.00000000000003,103.33333333333333,134.00000000000006,0.018660959829625234,0.02333333333333333,10.357877676638875,8.41046124746168,1.1539456023278083,4.841672254875584,5.0,150.0000000000129,142.6832106131981,188.00000000000014,2.0,150.00000000000037,1.9478380672421636,stopped,0
default,home,joint2+,2,0.6,0.5844156088837338,False,152.00000000000014,153.33333333333331,180.00000000000017,0.04660325274955568,0.05499999999999999,25.010971279562053,20.322565910381833,2.802442961100681,4.870668309682899,5.0,150.0000000000084,143.35386411555527,312.0000000000002,2.0,150.00000000000003,1.9478668617364248,stopped,0
default,home,joint2-,2,0.1,0.09740259276346776,False,50.00000000000004,51.63977794943222,84.00000000000007,0.0028119103789017164,0.004081988897471611,1.7158243153112953,1.3928190675101868,0.18772274606154649,3.1768603577236876,3.846153846153846,150.00000000000512,139.47389356636418,62.00000000000004,2.0,150.00000000000264,1.9245758078613937,stopped,0
default,home,joint2-,2,0.35,0.340908831218376,False,102.00000000000003,103.33333333333333,144.00000000000009,0.018657849993197084,0.02333333333333333,10.62378883963397,8.6489408418977,1.168192643203563,4.825996644028871,5.0,150.0000000000129,141.88666388369197,188.00000000000014,2.0,150.00000000000037,1.9482609859042543,stopped,0
default,home,joint2-,2,0.6,0.5844137075783682,False,152.00000000000014,153.33333333333331,198.00000000000017,0.046594742638901065,0.05499999999999999,25.933300811755036,21.14917804167856,2.8519583106692186,4.865776377673506,5.0,150.0000000000084,141.53002247446733,312.0000000000002,2.0,150.00000000000003,1.9482750454243858,stopped,0
default,home,joint3+,3,0.1,0.09493670874622699,False,50.00000000000004,51.63977794943222,50.00000000000004,0.0023608499987629802,0.004081988897471611,0.27268068503460063,0.10343770152706332,0.1360661987534323,3.5214356464278658,3.846153846153846,150.00000000000512,142.37841744816305,62.00000000000004,2.0,150.00000000000264,1.8986689993480825,stopped,0
default,home,joint3+,3,0.35,0.33227847608081057,False,102.00000000000003,103.33333333333333,102.00000000000003,0.016851805497036132,0.02333333333333333,1.8942492433750948,0.6943904080247415,0.9683749564911309,4.746744142147284,5.0,150.0000000000129,142.39174835122003,188.00000000000014,2.0,150.00000000000037,1.8987341541362723,stopped,0
default,home,joint3+,3,0.6,0.5696202279645217,False,152.00000000000014,153.33333333333331,152.00000000000014,0.04312934545704858,0.05499999999999999,4.804845556445802,1.740845161195937,2.4759306018732525,4.746833077883782,5.0,150.0000000000084,142.39165058486947,312.0000000000002,2.0,150.00000000000003,1.8987341541362723,stopped,0
default,home,joint3-,3,0.1,0.09493670874622699,False,50.00000000000004,51.63977794943222,50.00000000000004,0.0023608499987629802,0.004081988897471611,0.27268068503460063,0.10343770152706332,0.1360661987534323,3.5214356464278658,3.846153846153846,150.00000000000512,142.37841744816305,62.00000000000004,2.0,150.00000000000264,1.8986689993480825,stopped,0
default,home,joint3-,3,0.35,0.33227847608081057,False,102.00000000000003,103.33333333333333,102.00000000000003,0.016851805497036132,0.02333333333333333,1.8942492433750948,0.6943904080247415,0.9683749564911309,4.746744142147284,5.0,150.0000000000129,142.39174835122003,188.00000000000014,2.0,150.00000000000037,1.8987341541362723,stopped,0
default,home,joint3-,3,0.6,0.5696202279645217,False,152.00000000000014,153.33333333333331,152.00000000000014,0.04312934545704858,0.05499999999999999,4.804845556445802,1.740845161195937,2.4759306018732525,4.746833077883782,5.0,150.0000000000084,142.39165058486947,312.0000000000002,2.0,150.00000000000003,1.8987341541362723,stopped,0
default,home,joint4+,4,0.1,0.09493670853159696,False,50.00000000000004,51.63977794943222,50.00000000000004,0.0023678494197014732,0.004081988897471611,0.43622484074217865,0.16955875345699203,0.1389391727591349,3.5120371597508506,3.846153846153846,150.00000000000512,142.3240780631141,62.00000000000004,2.0,150.00000000000264,1.8984439430383693,stopped,0
default,home,joint4+,4,0.35,0.33227846660433014,False,102.00000000000003,103.33333333333333,102.00000000000003,0.016876700007295242,0.02333333333333333,2.995960225546216,1.1162162706732068,0.9791544766456696,4.746368978096306,5.0,150.0000000000129,142.35611757837407,188.00000000000014,2.0,150.00000000000037,1.898734903773347,stopped,0
default,home,joint4+,4,0.6,0.5696201786330665,False,152.00000000000014,153.33333333333331,152.00000000000014,0.04317220594511595,0.05499999999999999,7.563904371791012,2.774074799705102,2.4950841386064813,4.746815466744769,5.0,150.0000000000084,142.3554068304533,312.0000000000002,2.0,150.00000000000003,1.8987349045474222,stopped,0
default,home,joint4-,4,0.1,0.09493670854009632,False,50.00000000000004,51.63977794943222,50.00000000000004,0.0023678562856686014,0.004081988897471611,0.43544517965322255,0.1689026277759109,0.13889013240496018,3.5120199628441915,3.846153846153846,150.00000000000512,142.3261071729387,62.00000000000004,2.0,150.00000000000264,1.8984417119659245,stopped,0
default,home,joint4-,4,0.35,0.33227846815766304,False,102.00000000000003,103.33333333333333,102.00000000000003,0.016876747698219452,0.02333333333333333,2.9834600640255515,1.1054605874607881,0.978382534603328,4.746425764152865,5.0,150.0000000000129,142.36078615145732,188.00000000000014,2.0,150.00000000000037,1.8987325005836442,stopped,0
default,home,joint4-,4,0.6,0.5696201941772839,False,152.00000000000014,153.33333333333331,152.00000000000014,0.043172311474955705,0.05499999999999999,7.520382383533196,2.736337695232551,2.4923836962533454,4.746832748966992,5.0,150.0000000000084,142.36573261047945,312.0000000000002,2.0,150.00000000000003,1.8987325022115364,stopped,0
default,home,joint5+,5,0.1,0.09259259259259259,False,50.00000000000004,51.63977794943222,50.00000000000004,0.002335899092161066,0.004081988897471611,3.596592614477635e-05,1.2606646907192285e-05,0.1338516775765679,3.3878990925365997,3.846153846153846,150.00000000000512,138.88565962275746,62.00000000000004,2.0,150.00000000000264,1.8518518344135606,stopped,0
default,home,joint5+,5,0.35,0.32407407407407407,False,102.00000000000003,103.33333333333333,102.00000000000003,0.016552313783403147,0.02333333333333333,0.00012630251039615393,4.447652609012816e-05,0.9484285354984756,4.629629612143034,5.0,150.0000000000129,138.88879671472543,188.00000000000014,2.0,150.00000000000037,1.8518518518518545,stopped,0
default,home,joint5+,5,0.6,0.5555555555555556,False,152.00000000000014,153.33333333333331,152.00000000000014,0.042264284018746656,0.05499999999999999,0.00021666667276218343,7.636951834095058e-05,2.421652209093695,4.629629629629359,5.0,150.0000000000084,138.8887967147394,312.0000000000002,2.0,150.00000000000003,1.8518518518518823,stopped,0
default,home,joint5-,5,0.1,0.09259259259259259,False,50.00000000000004,51.63977794943222,50.00000000000004,0.002335899092161066,0.004081988897471611,3.596592614477635e-05,1.2606646907192285e-05,0.1338516775765679,3.3878990925365997,3.846153846153846,150.00000000000512,138.88565962275746,62.00000000000004,2.0,150.00000000000264,1.8518518344135606,stopped,0
default,home,joint5-,5,0.35,0.32407407407407407,False,102.00000000000003,103.33333333333333,102.00000000000003,0.016552313783403147,0.02333333333333333,0.00012630251039615393,4.447652609012816e-05,0.9484285354984756,4.629629612143034,5.0,150.0000000000129,138.88879671472543,188.00000000000014,2.0,150.00000000000037,1.8518518518518545,stopped,0
default,home,joint5-,5,0.6,0.5555555555555556,False,152.00000000000014,153.33333333333331,152.00000000000014,0.042264284018746656,0.05499999999999999,0.00021666667276218343,7.636951834095058e-05,2.421652209093695,4.629629629629359,5.0,150.0000000000084,138.8887967147394,312.0000000000002,2.0,150.00000000000003,1.8518518518518823,stopped,0
default,home,all+,,0.1,0.0980212000828613,False,50.00000000000004,51.63977794943222,88.00000000000009,0.0033888013010613498,0.004081988897471611,2.718672959176571,2.333513569271372,0.3212422919660803,3.792255010923326,3.846153846153846,150.00000000000512,169.9448596831804,62.00000000000004,2.0,150.00000000000264,2.1024862334454997,stopped,0
default,home,all+,,0.35,0.34287539760230984,False,102.00000000000003,103.33333333333333,148.00000000000009,0.02103391869448372,0.02333333333333333,17.274567522760723,14.806681865710402,2.1429422017277777,5.19777793324723,5.0,150.0000000000129,163.5480753241325,188.00000000000014,2.0,150.00000000000037,2.1024862334454997,stopped,0
default,home,all+,,0.6,0.5875089178302734,False,152.00000000000014,153.33333333333331,204.00000000000017,0.051387305517258924,0.05499999999999999,44.21660278658861,37.51396262030857,5.393940239130915,5.253540521282879,5.0,150.0000000000084,163.96888509740214,312.0000000000002,2.0,150.00000000000003,2.1024862334454997,stopped,0
default,home,all-,,0.1,0.098142293148195,False,50.00000000000004,51.63977794943222,86.00000000000007,0.0033348100857056133,0.004081988897471611,2.600149428487663,2.243871949501476,0.3183448135864245,3.757487627600836,3.846153846153846,150.00000000000512,168.1796930458105,62.00000000000004,2.0,150.00000000000264,2.1017833221069395,stopped,0
default,home,all-,,0.35,0.34444582313618516,False,102.00000000000003,103.33333333333333,138.00000000000006,0.020216815284548023,0.02333333333333333,14.544164493870772,12.854970763917942,2.079783451542941,5.067322913178532,5.0,150.0000000000129,157.51669315704908,188.00000000000014,2.0,150.00000000000037,2.1017833221069395,stopped,0
default,home,all-,,0.6,0.5921309861903123,False,152.00000000000014,153.33333333333331,182.00000000000017,0.04858911873312094,0.05499999999999999,31.815670429454496,28.865726462142064,5.087038389150154,4.99934372666877,5.0,150.0000000000084,154.02121754232078,312.0000000000002,2.0,150.00000000000003,2.1017833221069395,stopped,0
default,start,joint0+,0,0.1,0.09803918243334292,False,50.00000000000004,51.63977794943222,80.00000000000007,0.003319703621953704,0.004081988897471611,2.27463528869326,1.9053383055419986,0.19243537348743203,2.757720359043061,3.846153846153846,150.00000000000512,130.39553871826627,62.00000000000004,2.0,150.00000000000264,1.9233027599225225,stopped,0
default,start,joint0+,0,0.35,0.343135829323851,False,102.00000000000003,103.33333333333333,134.00000000000006,0.020492655647185498,0.02333333333333333,14.024074047152785,11.755963832649854,1.181936505013398,4.851143291697723,5.0,150.0000000000129,138.98651322344358,188.00000000000014,2.0,150.00000000000037,1.9607655339877184,stopped,0
default,start,joint0+,0,0.6,0.5882281130723762,False,152.00000000000014,153.33333333333331,184.00000000000017,0.049838833923805836,0.05499999999999999,34.09185530289655,28.58706547196302,2.8689091551362487,4.901380761891463,5.0,150.0000000000084,138.97704078268214,312.0000000000002,2.0,150.00000000000003,1.9607655339877184,stopped,0
default,start,joint0-,0,0.1,0.0980391824333333,False,50.00000000000004,51.63977794943222,80.00000000000007,0.0033197040628193016,0.004081988897471611,2.2746304280061977,1.9053366968232757,0.19243506777510636,2.757720214708402,3.846153846153846,150.00000000000512,130.39554437622647,62.00000000000004,2.0,150.00000000000264,1.9233024206148572,stopped,0
default,start,joint0-,0,0.35,0.34313582932241277,False,102.00000000000003,103.33333333333333,134.00000000000006,0.020492661055757394,0.02333333333333333,14.023974760491305,11.75593062174905,1.1819296222281948,4.851144900041376,5.0,150.0000000000129,138.98651789716342,188.00000000000014,2.0,150.00000000000037,1.960765180690327,stopped,0
default,start,joint0-,0,0.6,0.5882281130599685,False,152.00000000000014,153.33333333333331,184.00000000000017,0.0498388498227782,0.05499999999999999,34.09146398119739,28.586934984174068,2.868880823754799,4.901382951084457,5.0,150.0000000000084,138.9771182807986,312.0000000000002,2.0,150.00000000000003,1.960765180690327,stopped,0
default,start,joint1+,1,0.1,0.09803918566494317,False,50.00000000000004,51.63977794943222,92.00000000000009,0.0034592143471053882,0.004081988897471611,2.612537031479831,2.1694454338276428,0.23210841930856463,2.6151579640147222,3.846153846153846,150.00000000000512,124.0626694645821,62.00000000000004,2.0,150.00000000000264,1.8801944826157961,stopped,0
default,start,joint1+,1,0.35,0.34313599671901135,False,102.00000000000003,103.33333333333333,148.00000000000009,0.02098750750302636,0.02333333333333333,15.20650471805424,12.681780880426034,1.3202811999313726,4.781050912626594,5.0,150.0000000000129,133.65794261389885,188.00000000000014,2.0,150.00000000000037,1.9606111634056234,stopped,0
default,start,joint1+,1,0.6,0.5882289641706799,False,152.00000000000014,153.33333333333331,198.00000000000017,0.05069092953558263,0.05499999999999999,36.106820762688805,30.170057879253488,3.102993359637704,4.898571608996538,5.0,150.0000000000084,133.65437033059212,312.0000000000002,2.0,150.00000000000003,1.960619629088195,stopped,0
default,start,joint1-,1,0.1,0.09803918565223528,False,50.00000000000004,51.63977794943222,92.00000000000009,0.0034588738414039755,0.004081988897471611,2.6131044399670302,2.1697678514915175,0.23223677567151121,2.6154269165847945,3.846153846153846,150.00000000000512,124.07106204305119,62.00000000000004,2.0,150.00000000000264,1.8804191489269517,stopped,0
default,start,joint1-,1,0.35,0.3431359938030393,False,102.00000000000003,103.33333333333333,148.00000000000009,0.020983320763395485,0.02333333333333333,15.219914926182986,12.689800500641594,1.3231001982877715,4.780323273798182,5.0,150.0000000000129,133.68616861766935,188.00000000000014,2.0,150.00000000000037,1.960884924137929,stopped,0
default,start,joint1-,1,0.6,0.5882289388078924,False,152.00000000000014,153.33333333333331,198.00000000000017,0.05067862451776306,0.05499999999999999,36.16174793477214,30.203013653133876,3.114469784494122,4.896948292535938,5.0,150.0000000000084,133.69859705758546,312.0000000000002,2.0,150.00000000000003,1.960893289654153,stopped,0
default,start,joint2+,2,0.1,0.09740259529101676,False,50.00000000000004,51.63977794943222,80.00000000000007,0.0028112299801272833,0.004081988897471611,1.6670077737748148,1.353208326568984,0.18531831638479246,3.1746318859089855,3.846153846153846,150.00000000000512,139.9874795773477,62.00000000000004,2.0,150.00000000000264,1.9266071872402895,stopped,0
default,start,joint2+,2,0.35,0.34090906664672727,False,102.00000000000003,103.33333333333333,132.00000000000006,0.01865692234485472,0.02333333333333333,10.22510886518263,8.319063029174806,1.1486584178664845,4.8454478855889525,5.0,150.0000000000129,142.9625678050912,188.00000000000014,2.0,150.00000000000037,1.9478529011919543,stopped,0
default,start,joint2+,2,0.6,0.5844158018780637,False,152.00000000000014,153.33333333333331,178.00000000000017,0.046596027192286726,0.05499999999999999,24.751717479000263,20.159163723566223,2.7933456872321045,4.870732342011235,5.0,150.0000000000084,143.6160385580219,312.0000000000002,2.0,150.00000000000003,1.9478830416247428,stopped,0
default,start,joint2-,2,0.1,0.09740259433405127,False,50.00000000000004,51.63977794943222,82.00000000000007,0.0028109071537765207,0.004081988897471611,1.6838866608345755,1.3682496283614058,0.18625800009117402,3.1766016174765466,3.846153846153846,150.00000000000512,139.78411584798778,62.00000000000004,2.0,150.00000000000264,1.926957853802723,stopped,0
default,start,joint2-,2,0.35,0.3409088958447366,False,102.00000000000003,103.33333333333333,142.00000000000006,0.018653956780649184,0.02333333333333333,10.484371305427745,8.549403799702889,1.163090724552046,4.830280334723123,5.0,150.0000000000129,142.15540100227787,188.00000000000014,2.0,150.00000000000037,1.9482554618577286,stopped,0
default,start,joint2-,2,0.6,0.5844140629673844,False,152.00000000000014,153.33333333333331,196.00000000000017,0.0465879055570646,0.05499999999999999,25.65081523724299,20.957419501101633,2.8434769388084153,4.866285362365303,5.0,150.0000000000084,141.78746780721397,312.0000000000002,2.0,150.00000000000003,1.948272227709602,stopped,0
default,start,joint3+,3,0.1,0.09493670874312878,False,50.00000000000004,51.63977794943222,50.00000000000004,0.0023613553457510067,0.004081988897471611,0.2833256109850341,0.10714880038358067,0.1361250231263095,3.520725868951344,3.846153846153846,150.00000000000512,142.37702693227504,62.00000000000004,2.0,150.00000000000264,1.8986718137359095,stopped,0
default,start,joint3+,3,0.35,0.33227847592978044,False,102.00000000000003,103.33333333333333,102.00000000000003,0.016853567578003548,0.02333333333333333,1.9699669742731118,0.7209381888906732,0.9685609758523269,4.746748780282889,5.0,150.0000000000129,142.39155831595474,188.00000000000014,2.0,150.00000000000037,1.8987341814865888,stopped,0
default,start,joint3+,3,0.6,0.5696202270801859,False,152.00000000000014,153.33333333333331,152.00000000000014,0.04313236273677534,0.05499999999999999,4.998712365314597,1.8090947541354354,2.4762172546974957,4.746833179571447,5.0,150.0000000000084,142.3914135356976,312.0000000000002,2.0,150.00000000000003,1.8987341814865888,stopped,0
default,start,joint3-,3,0.1,0.09493670874337573,False,50.00000000000004,51.63977794943222,50.00000000000004,0.0023613555887700387,0.004081988897471611,0.28329807994682393,0.10712742042368693,0.13612691409548544,3.5207253292197995,3.846153846153846,150.00000000000512,142.37704490442638,62.00000000000004,2.0,150.00000000000264,1.8986717687522885,stopped,0
default,start,joint3-,3,0.35,0.33227847597480353,False,102.00000000000003,103.33333333333333,102.00000000000003,0.016853569281492085,0.02333333333333333,1.9695162551185192,0.7205894794044684,0.9685904718993248,4.746750573953573,5.0,150.0000000000129,142.39163904809791,188.00000000000014,2.0,150.00000000000037,1.8987341287241,stopped,0
default,start,joint3-,3,0.6,0.5696202275280694,False,152.00000000000014,153.33333333333331,152.00000000000014,0.04313236634776174,0.05499999999999999,4.997154943460638,1.8078916388610589,2.476320174805319,4.746833650738566,5.0,150.0000000000084,142.39156334394653,312.0000000000002,2.0,150.00000000000003,1.8987341287241,stopped,0
default,start,joint4+,4,0.1,0.09493670855088156,False,50.00000000000004,51.63977794943222,50.00000000000004,0.0023678717643579317,0.004081988897471611,0.4349565017068593,0.16840547688376903,0.13888247301301215,3.5119767993980475,3.846153846153846,150.00000000000512,142.3254691460767,62.00000000000004,2.0,150.00000000000264,1.8984638341881312,stopped,0
default,start,joint4+,4,0.35,0.3322784673220928,False,102.00000000000003,103.33333333333333,102.00000000000003,0.016876734167041607,0.02333333333333333,2.9910165739275447,1.1117469403054134,0.9789139798884097,4.746404640257169,5.0,150.0000000000129,142.3578555038718,188.00000000000014,2.0,150.00000000000037,1.8987349805383302,stopped,0
default,start,joint4+,4,0.6,0.5696201820235436,False,152.00000000000014,153.33333333333331,152.00000000000014,0.043172239407049284,0.05499999999999999,7.555724487131034,2.76668141116814,2.4946790178354976,4.746818436727515,5.0,150.0000000000084,142.35696868244204,312.0000000000002,2.0,150.00000000000003,1.8987349805383302,stopped,0
default,start,joint4-,4,0.1,0.09493670855947461,False,50.00000000000004,51.63977794943222,50.00000000000004,0.002367878486605135,0.004081988897471611,0.43415530953695874,0.16773108610409906,0.13883115736856783,3.5119596174238814,3.846153846153846,150.00000000000512,142.32761052482456,62.00000000000004,2.0,150.00000000000264,1.8984615531804916,stopped,0
default,start,joint4-,4,0.35,0.332278468898097,False,102.00000000000003,103.33333333333333,102.00000000000003,0.016876780476448805,0.02333333333333333,2.978227600421088,1.1007535127280739,0.9781088104314843,4.746461338365059,5.0,150.0000000000129,142.36269969045168,188.00000000000014,2.0,150.00000000000037,1.8987325347698814,stopped,0
default,start,joint4-,4,0.6,0.5696201977943482,False,152.00000000000014,153.33333333333331,152.00000000000014,0.04317234211890464,0.05499999999999999,7.511261827652666,2.728189026928917,2.4918657331108003,4.7468354692045756,5.0,150.0000000000084,142.3676260623281,312.0000000000002,2.0,150.00000000000003,1.8987325347698814,stopped,0
default,start,joint5+,5,0.1,0.09259259259259259,False,50.00000000000004,51.63977794943222,50.00000000000004,0.0023358990921538564,0.004081988897471611,3.489567402805467e-05,1.2386484764969416e-05,0.13385085159792076,3.3878990956874055,3.846153846153846,150.00000000000512,138.88565964348754,62.00000000000004,2.0,150.00000000000264,1.8518518344039017,stopped,0
default,start,joint5+,5,0.35,0.32407407407407407,False,102.00000000000003,103.33333333333333,102.00000000000003,0.016552313783393058,0.02333333333333333,0.0001225359817191683,4.388076739151988e-05,0.9484256466157702,4.629629612127623,5.0,150.0000000000129,138.88879671428177,188.00000000000014,2.0,150.00000000000037,1.8518518518518545,stopped,0
default,start,joint5+,5,0.6,0.5555555555555556,False,152.00000000000014,153.33333333333331,152.00000000000014,0.042264284018737,0.05499999999999999,0.00021021035935815243,7.542851048272124e-05,2.421647257629664,4.629629629628637,5.0,150.0000000000084,138.88879671428415,312.0000000000002,2.0,150.00000000000003,1.8518518518518823,stopped,0
default,start,joint5-,5,0.1,0.09259259259259259,False,50.00000000000004,51.63977794943222,50.00000000000004,0.0023358990921538815,0.004081988897471611,3.489567884091313e-05,1.2386501891144382e-05,0.13385085157069157,3.3878990956874544,3.846153846153846,150.00000000000512,138.885659643484,62.00000000000004,2.0,150.00000000000264,1.8518518344039017,stopped,0
default,start,joint5-,5,0.35,0.32407407407407407,False,102.00000000000003,103.33333333333333,102.00000000000003,0.01655231378339317,0.02333333333333333,0.0001225361122961938,4.388109230715113e-05,0.9484256466257619,4.6296296121276015,5.0,150.0000000000129,138.88879671428157,188.00000000000014,2.0,150.00000000000037,1.8518518518518545,stopped,0
default,start,joint5-,5,0.6,0.5555555555555556,False,152.00000000000014,153.33333333333331,152.00000000000014,0.04226428401873672,0.05499999999999999,0.000210210800499143,7.542955701967374e-05,2.4216472576386967,4.62962962962863,5.0,150.0000000000084,138.88879671430908,312.0000000000002,2.0,150.00000000000003,1.8518518518518823,stopped,0
default,start,all+,,0.1,0.09802262559586913,False,50.00000000000004,51.63977794943222,86.00000000000007,0.003327385133379726,0.004081988897471611,2.62663389760771,2.243162371540569,0.3198449359654798,3.7590903702348077,3.846153846153846,150.00000000000512,168.19772377204646,62.00000000000004,2.0,150.00000000000264,2.0895699470930613,stopped,0
default,start,all+,,0.35,0.34289691328299743,False,102.00000000000003,103.33333333333333,146.00000000000009,0.020828736467214976,0.02333333333333333,16.884075687396543,14.402806831627647,2.1437287504402294,5.175624498299738,5.0,150.0000000000129,162.2284486437442,188.00000000000014,2.0,150.00000000000037,2.0895699470930613,stopped,0
default,start,all+,,0.6,0.587544303833128,False,152.00000000000014,153.33333333333331,202.00000000000017,0.05106923194707985,0.05499999999999999,43.48812560723317,36.741084580512506,5.402027356188012,5.23156923269183,5.0,150.0000000000084,162.96707652779975,312.0000000000002,2.0,150.00000000000003,2.0895699470930613,stopped,0
default,start,all-,,0.1,0.0981441542724574,False,50.00000000000004,51.63977794943222,84.00000000000007,0.0032720816993878944,0.004081988897471611,2.508166415446355,2.153198038125355,0.31700586638124406,3.72367775620977,3.846153846153846,150.00000000000512,166.3134564183122,62.00000000000004,2.0,150.00000000000264,2.088854972243051,stopped,0
default,start,all-,,0.35,0.34445178621912187,False,102.00000000000003,103.33333333333333,136.00000000000006,0.01999242537956361,0.02333333333333333,14.144081437574599,12.429174527690051,2.0822616827783245,5.0414960121766415,5.0,150.0000000000129,156.18692347517825,188.00000000000014,2.0,150.00000000000037,2.088854972243051,stopped,0
default,start,all-,,0.6,0.5920811177131684,False,152.00000000000014,153.33333333333331,180.00000000000017,0.04820659820618775,0.05499999999999999,31.016410327079882,27.956410726527988,5.1042604881349485,4.976326905778178,5.0,150.0000000000084,152.93302590390078,312.0000000000002,2.0,150.00000000000003,2.088854972243051,stopped,0
gentle,home,joint0+,0,0.1,0.09803918296091158,False,62.00000000000006,63.245553203367585,90.00000000000009,0.003952472738340304,0.004662277660168379,2.7674073898974685,2.3285482863213005,0.22860307669997643,2.347073347129018,3.125,100.0000000000021,90.53474580667309,108.00000000000009,1.0,100.0000000000009,0.9801199233791941,stopped,0
gentle,home,joint0+,0,0.35,0.34313585205984176,False,118.0000000000001,120.0,150.00000000000014,0.02357056439418237,0.026249999999999996,16.48851359392182,13.881483855685572,1.3579856112114859,4.715299044467214,5.0,100.0000000000017,96.68339680152238,358.0000000000003,1.0,100.00000000000142,0.9803890045022717,stopped,0
gentle,home,joint0+,0,0.6,0.5882282284215138,False,168.00000000000003,169.99999999999997,200.00000000000006,0.05511592456215092,0.06,38.54436541549924,32.45781829970983,3.170740915464119,4.8993259033437155,5.0,100.00000000000286,96.67859685083546,608.0000000000005,1.0,100.00000000000003,0.9803890045022717,stopped,0
gentle,home,joint0-,0,0.1,0.09803918296091158,False,62.00000000000006,63.245553203367585,90.00000000000009,0.003952472738340304,0.004662277660168379,2.7674073898974685,2.3285482863213005,0.22860307669997643,2.347073347129018,3.125,100.0000000000021,90.53474580667309,108.00000000000009,1.0,100.0000000000009,0.9801199233791941,stopped,0
gentle,home,joint0-,0,0.35,0.34313585205984176,False,118.0000000000001,120.0,150.00000000000014,0.02357056439418237,0.026249999999999996,16.48851359392182,13.881483855685572,1.3579856112114859,4.715299044467214,5.0,100.0000000000017,96.68339680152238,358.0000000000003,1.0,100.00000000000142,0.9803890045022717,stopped,0
gentle,home,joint0-,0,0.6,0.5882282284215138,False,168.00000000000003,169.99999999999997,200.00000000000006,0.05511592456215092,0.06,38.54436541549924,32.45781829970983,3.170740915464119,4.8993259033437155,5.0,100.00000000000286,96.67859685083546,608.0000000000005,1.0,100.00000000000003,0.9803890045022717,stopped,0
gentle,home,joint1+,1,0.1,0.09803918624748746,False,62.00000000000006,63.245553203367585,102.00000000000009,0.004075126987969524,0.004662277660168379,3.116315901698074,2.6014013970845418,0.2693215258505925,2.2430372284133506,3.125,100.0000000000021,86.95059282209927,108.00000000000009,1.0,100.0000000000009,0.9787898612084802,stopped,0
gentle,home,joint1+,1,0.35,0.3431360239322338,False,118.0000000000001,120.0,164.00000000000014,0.02400659853173248,0.026249999999999996,17.714119163850963,14.842831090599109,1.4998841246461307,4.6074087253620135,5.0,100.0000000000017,95.01557842771224,358.0000000000003,1.0,100.00000000000142,0.9803516983199895,stopped,0
gentle,home,joint1+,1,0.6,0.1433172250854305,True,52.00000000000004,65.72670690061985,94.00000000000009,0.0037552184830075275,0.00516924217263346,3.0664412208691956,2.5442856707967576,0.27391339442753687,3.1280662639247625,3.5999999999999988,100.00000000000279,87.8922464413664,608.0000000000005,1.0,100.00000000000003,0.9803516983199895,stopped,0
gentle,home,joint1-,1,0.1,0.09803918623208491,False,62.00000000000006,63.245553203367585,102.00000000000009,0.004074769214938878,0.004662277660168379,3.1169871174761092,2.601784023853499,0.2694716817652829,2.2432380385566835,3.125,100.0000000000021,86.95162701134396,108.00000000000009,1.0,100.0000000000009,0.9788621071665018,stopped,0
gentle,home,joint1-,1,0.35,0.34313602054812714,False,118.0000000000001,120.0,164.00000000000014,0.024002199081100573,0.026249999999999996,17.729573644135836,14.852111113501241,1.5030971271279399,4.60738956938736,5.0,100.0000000000017,94.99269176596603,358.0000000000003,1.0,100.00000000000142,0.9804235925634508,stopped,0
gentle,home,joint1-,1,0.6,0.588229073629013,False,168.00000000000003,169.99999999999997,214.00000000000009,0.05585419511431944,0.06,40.69985725405833,34.14416811499929,3.423346187169281,4.889565237362669,5.0,100.00000000000286,94.99497739431928,608.0000000000005,1.0,100.00000000000003,0.9804235925634508,stopped,0
gentle,home,joint2+,2,0.1,0.09740259404567066,False,62.00000000000006,63.245553203367585,90.00000000000009,0.0033780369466298588,0.004662277660168379,1.9868675754046266,1.6121516781774174,0.2191769357324492,2.66381599728617,3.125,100.0000000000021,94.56975648120846,108.00000000000009,1.0,100.0000000000009,0.9735648891118012,stopped,0
gentle,home,joint2+,2,0.35,0.34090903990621646,False,118.0000000000001,120.0,146.00000000000014,0.021497507345134004,0.026249999999999996,11.776563701240372,9.565609460913585,1.3145198516418208,4.805301545466739,5.0,100.0000000000017,96.82332838073515,358.0000000000003,1.0,100.00000000000142,0.9739773684314945,stopped,0
gentle,home,joint2+,2,0.6,0.5844158535930524,False,168.00000000000003,169.99999999999997,188.00000000000006,0.0514653599442878,0.06,27.34820684681544,22.224407235382966,3.0709041983016037,4.870198081070309,5.0,100.00000000000286,97.05872308305254,608.0000000000005,1.0,100.00000000000003,0.9739931343993868,stopped,0
gentle,home,joint2-,2,0.1,0.09740259289912023,False,62.00000000000006,63.245553203367585,92.00000000000009,0.003377678691099284,0.004662277660168379,2.0057508133299806,1.6291151586712487,0.2201887052736276,2.6639986051760522,3.125,100.0000000000021,94.41595608973729,108.00000000000009,1.0,100.0000000000009,0.9736694929962444,stopped,0
gentle,home,joint2-,2,0.35,0.3409088027106167,False,118.0000000000001,120.0,156.00000000000014,0.021494046190637217,0.026249999999999996,12.109913210595296,9.864097839292004,1.3325374438801254,4.779831276187959,5.0,100.0000000000017,96.38915681035165,358.0000000000003,1.0,100.00000000000142,0.9740814668680597,stopped,0
gentle,home,joint2-,2,0.6,0.5844132394710968,False,168.00000000000003,169.99999999999997,212.00000000000009,0.05145675846704645,0.06,28.59754237190149,23.341529247893657,3.139440273070623,4.862052629055799,5.0,100.00000000000286,96.17297273335801,608.0000000000005,1.0,100.00000000000003,0.9740818929049322,stopped,0
gentle,home,joint3+,3,0.1,0.09493670874622587,False,62.00000000000006,63.245553203367585,62.00000000000006,0.0029122545115107604,0.004662277660168379,0.3330740020823428,0.12482109494436604,0.16766608181794526,2.8926396617649925,3.125,100.0000000000021,94.92619843223981,108.00000000000009,1.0,100.0000000000009,0.949366708076528,stopped,0
gentle,home,joint3+,3,0.35,0.3322784760674963,False,118.0000000000001,120.0,118.0000000000001,0.01961637490161547,0.026249999999999996,2.1966258654279196,0.8012432035914174,1.1267711353760732,4.746570646236569,5.0,100.0000000000017,94.93477130301908,358.0000000000003,1.0,100.00000000000142,0.9493670850243691,stopped,0
gentle,home,joint3+,3,0.6,0.5696202275547236,False,168.00000000000003,169.99999999999997,168.00000000000003,0.047868596818173514,0.06,5.324276319990606,1.9248757242984866,2.747380207328664,4.746829824063818,5.0,100.00000000000286,94.93465590804107,608.0000000000005,1.0,100.00000000000003,0.9493670850243691,stopped,0
gentle,home,joint3-,3,0.1,0.09493670874622587,False,62.00000000000006,63.245553203367585,62.00000000000006,0.0029122545115107604,0.004662277660168379,0.3330740020823428,0.12482109494436604,0.16766608181794526,2.8926396617649925,3.125,100.0000000000021,94.92619843223981,108.00000000000009,1.0,100.0000000000009,0.949366708076528,stopped,0
gentle,home,joint3-,3,0.35,0.3322784760674963,False,118.0000000000001,120.0,118.0000000000001,0.01961637490161547,0.026249999999999996,2.1966258654279196,0.8012432035914174,1.1267711353760732,4.746570646236569,5.0,100.0000000000017,94.93477130301908,358.0000000000003,1.0,100.00000000000142,0.9493670850243691,stopped,0
gentle,home,joint3-,3,0.6,0.5696202275547236,False,168.00000000000003,169.99999999999997,168.00000000000003,0.047868596818173514,0.06,5.324276319990606,1.9248757242984866,2.747380207328664,4.746829824063818,5.0,100.00000000000286,94.93465590804107,608.0000000000005,1.0,100.00000000000003,0.9493670850243691,stopped,0
gentle,home,joint4+,4,0.1,0.09493670853334482,False,62.00000000000006,63.245553203367585,62.00000000000006,0.0029192995038823666,0.004662277660168379,0.5306007250957364,0.20315093287697436,0.1705936737685889,2.8866583395680023,3.125,100.0000000000021,94.90045360371013,108.00000000000009,1.0,100.0000000000009,0.9493623384390082,stopped,0
gentle,home,joint4+,4,0.35,0.3322784664803968,False,118.0000000000001,120.0,118.0000000000001,0.019641331918981098,0.026249999999999996,3.4676915463584477,1.2835522201232696,1.1376976397404963,4.745836444661068,5.0,100.0000000000017,94.92632290956936,358.0000000000003,1.0,100.00000000000142,0.9493673163682714,stopped,0
gentle,home,joint4+,4,0.6,0.5696201781863124,False,168.00000000000003,169.99999999999997,168.00000000000003,0.04791153209244586,0.06,8.371255709890537,3.0597990316328927,2.7668519526821846,4.746797046751939,5.0,100.00000000000286,94.92648724804393,608.0000000000005,1.0,100.00000000000003,0.9493673163682714,stopped,0
gentle,home,joint4-,4,0.1,0.09493670854259013,False,62.00000000000006,63.245553203367585,62.00000000000006,0.002919305405084782,0.004662277660168379,0.5297305535904192,0.20241319388097634,0.17053926050207954,2.8866609017043423,3.125,100.0000000000021,94.90152175863598,108.00000000000009,1.0,100.0000000000009,0.9493617398081966,stopped,0
gentle,home,joint4-,4,0.35,0.33227846842853137,False,118.0000000000001,120.0,118.0000000000001,0.01964137711443459,0.026249999999999996,3.4519653454330603,1.2699861298920792,1.136720048613494,4.74596394027571,5.0,100.0000000000017,94.92811551110857,358.0000000000003,1.0,100.00000000000142,0.9493667129820832,stopped,0
gentle,home,joint4-,4,0.6,0.5696201990688531,False,168.00000000000003,169.99999999999997,168.00000000000003,0.047911632389660674,0.06,8.313029200186161,3.009367305320341,2.7631366364231345,4.746819675230545,5.0,100.00000000000286,94.92944178022455,608.0000000000005,1.0,100.00000000000003,0.9493667129820832,stopped,0
gentle,home,joint5+,5,0.1,0.09259259259259259,False,62.00000000000006,63.245553203367585,62.00000000000006,0.002873676917340008,0.004662277660168379,3.6018250122187474e-05,1.2650466903962634e-05,0.16466407737867547,2.792829171901427,3.125,100.0000000000021,92.59244309377257,108.00000000000009,1.0,100.0000000000009,0.925925925925844,stopped,0
gentle,home,joint5+,5,0.35,0.32407407407407407,False,118.0000000000001,120.0,118.0000000000001,0.019248610097026747,0.026249999999999996,0.00012635739431612826,4.452250513933381e-05,1.1029149346646887,4.6296118436912055,5.0,100.0000000000017,92.59259257163332,358.0000000000003,1.0,100.00000000000142,0.9259259259259411,stopped,0
gentle,home,joint5+,5,0.6,0.5555555555555556,False,168.00000000000003,169.99999999999997,168.00000000000003,0.04688650625829638,0.06,0.00021672169695895638,7.64156149083072e-05,2.6864860354977274,4.629629629628873,5.0,100.00000000000286,92.59259257161911,608.0000000000005,1.0,100.00000000000003,0.9259259259259411,stopped,0
gentle,home,joint5-,5,0.1,0.09259259259259259,False,62.00000000000006,63.245553203367585,62.00000000000006,0.002873676917340008,0.004662277660168379,3.6018250122187474e-05,1.2650466903962634e-05,0.16466407737867547,2.792829171901427,3.125,100.0000000000021,92.59244309377257,108.00000000000009,1.0,100.0000000000009,0.925925925925844,stopped,0
gentle,home,joint5-,5,0.35,0.32407407407407407,False,118.0000000000001,120.0,118.0000000000001,0.019248610097026747,0.026249999999999996,0.00012635739431612826,4.452250513933381e-05,1.1029149346646887,4.6296118436912055,5.0,100.0000000000017,92.59259257163332,358.0000000000003,1.0,100.00000000000142,0.9259259259259411,stopped,0
gentle,home,joint5-,5,0.6,0.5555555555555556,False,168.00000000000003,169.99999999999997,168.00000000000003,0.04688650625829638,0.06,0.00021672169695895638,7.64156149083072e-05,2.6864860354977274,4.629629629628873,5.0,100.00000000000286,92.59259257161911,608.0000000000005,1.0,100.00000000000003,0.9259259259259411,stopped,0
gentle,home,all+,,0.1,0.0980211106985993,False,62.00000000000006,63.245553203367585,96.00000000000009,0.00396065755113648,0.004662277660168379,3.156417600007987,2.71644450091062,0.385017010149344,3.1176423752867533,3.125,100.0000000000021,113.94785234080217,108.00000000000009,1.0,100.0000000000009,1.0550670840315957,stopped,0
gentle,home,all+,,0.35,0.34285914857048455,False,118.0000000000001,120.0,162.00000000000014,0.02398507796045854,0.026249999999999996,19.90123385059133,17.02469384251515,2.4740952790808013,5.130603198540778,5.0,100.0000000000017,112.06188286172835,358.0000000000003,1.0,100.00000000000142,1.0550670840315957,stopped,0
gentle,home,all+,,0.6,0.5874853750540916,False,168.00000000000003,169.99999999999997,218.00000000000009,0.05668118106190567,0.06,50.18673912640259,42.278788223280934,5.976065300395306,5.194595370746541,5.0,100.00000000000286,110.43706726269842,608.0000000000005,1.0,100.00000000000003,1.0550670840315957,stopped,0
gentle,home,all-,,0.1,0.09814242723642547,False,62.00000000000006,63.245553203367585,94.00000000000009,0.003901692504234229,0.004662277660168379,3.012002309208924,2.609083493999589,0.3816149366075043,3.090060837933152,3.125,100.0000000000021,112.62408470087048,108.00000000000009,1.0,100.0000000000009,1.0549443969314516,stopped,0
gentle,home,all-,,0.35,0.34445475847782653,False,118.0000000000001,120.0,148.00000000000014,0.022958470533163633,0.026249999999999996,16.142639437908045,14.365706740210339,2.3862727610309866,5.000682395834885,5.0,100.0000000000017,106.0588645428826,358.0000000000003,1.0,100.00000000000142,1.0549443969314516,stopped,0
gentle,home,all-,,0.6,0.5920649907594672,False,168.00000000000003,169.99999999999997,192.00000000000006,0.05290364519020768,0.06,32.5823435671578,30.022736800614613,5.510354394418666,4.951922231534955,5.0,100.00000000000286,101.5540115042457,608.0000000000005,1.0,100.00000000000003,1.0549443969314516,stopped,0
gentle,start,joint0+,0,0.1,0.09803918243417968,False,62.00000000000006,63.245553203367585,88.00000000000009,0.0038891030245524483,0.004662277660168379,2.6636357259476298,2.231739373848897,0.22505713265549102,2.3842069254248686,3.125,100.0000000000021,91.59120518494046,108.00000000000009,1.0,100.0000000000009,0.9802237170788708,stopped,0
gentle,start,joint0+,0,0.35,0.34313582933633574,False,118.0000000000001,120.0,146.00000000000014,0.02334756071737351,0.026249999999999996,15.974632345170377,13.392672146506744,1.345506763932361,4.7429830005619875,5.0,100.0000000000017,96.98584549953937,358.0000000000003,1.0,100.00000000000142,0.9803893159535115,stopped,0
gentle,start,joint0+,0,0.6,0.5882281133775354,False,168.00000000000003,169.99999999999997,196.00000000000006,0.05473358914460169,0.06,37.437265069829515,31.39453151886436,3.1493554340920156,4.900201616126129,5.0,100.00000000000286,96.98269283361881,608.0000000000005,1.0,100.00000000000003,0.9803893159535115,stopped,0
gentle,start,joint0-,0,0.1,0.09803918243417009,False,62.00000000000006,63.245553203367585,88.00000000000009,0.0038891034655014894,0.004662277660168379,2.6636300866414535,2.2317374975843616,0.22505676637112423,2.3842068607960627,3.125,100.0000000000021,91.59121812786842,108.00000000000009,1.0,100.0000000000009,0.9802236285287105,stopped,0
gentle,start,joint0-,0,0.35,0.34313582933489767,False,118.0000000000001,120.0,146.00000000000014,0.02334756612616372,0.026249999999999996,15.974518701057157,13.392633942357904,1.3454987865513288,4.742983872814244,5.0,100.0000000000017,96.9859074827355,358.0000000000003,1.0,100.00000000000142,0.9803892276322168,stopped,0
gentle,start,joint0-,0,0.6,0.5882281133651329,False,168.00000000000003,169.99999999999997,196.00000000000006,0.054733605044333056,0.06,37.436828577555154,31.394385115775858,3.149323706544114,4.900203775180217,5.0,100.00000000000286,96.98274077225105,608.0000000000005,1.0,100.00000000000003,0.9803892276322168,stopped,0
gentle,start,joint1+,1,0.1,0.09803918598456338,False,62.00000000000006,63.245553203367585,100.00000000000009,0.0040287257997262405,0.004662277660168379,3.0014383547301136,2.4957630036842438,0.2647308484628809,2.2707310401833753,3.125,100.0000000000021,87.82675213953739,108.00000000000009,1.0,100.0000000000009,0.9791463492454522,stopped,0
gentle,start,joint1+,1,0.35,0.3431359970323415,False,118.0000000000001,120.0,160.00000000000014,0.02384253793420632,0.026249999999999996,17.15632462838174,14.318468096766173,1.4836511935831296,4.633727424589992,5.0,100.0000000000017,95.40154370965558,358.0000000000003,1.0,100.00000000000142,0.9803536678150149,stopped,0
gentle,start,joint1+,1,0.6,0.25252549248166273,True,66.00000000000006,89.82737510902133,106.0000000000001,0.0073309065354972835,0.012086024692496491,5.716136871752826,4.733013483730652,0.5158091703313437,4.85054847396682,5.0,100.00000000000273,95.18695526556597,608.0000000000005,1.0,100.00000000000003,0.9803536678150149,stopped,0
gentle,start,joint1-,1,0.1,0.09803918596862629,False,62.00000000000006,63.245553203367585,100.00000000000009,0.00402838512339565,0.004662277660168379,3.002134391760827,2.496167809142267,0.26488336406343244,2.2709132711644897,3.125,100.0000000000021,87.8268521980301,108.00000000000009,1.0,100.0000000000009,0.9792151446584574,stopped,0
gentle,start,joint1-,1,0.35,0.343135994105082,False,118.0000000000001,120.0,160.00000000000014,0.02383835079984542,0.026249999999999996,17.172071325232405,14.327995783059793,1.4869034899598212,4.633636484481701,5.0,100.0000000000017,95.37677113309594,358.0000000000003,1.0,100.00000000000142,0.9804220901155625,stopped,0
gentle,start,joint1-,1,0.6,0.5882289394108419,False,168.00000000000003,169.99999999999997,210.00000000000009,0.055573431856198674,0.06,39.51214305939909,33.014845753092324,3.3956215596900594,4.891932546291333,5.0,100.00000000000286,95.37832538161761,608.0000000000005,1.0,100.00000000000003,0.9804220901155625,stopped,0
gentle,start,joint2+,2,0.1,0.09740259540963646,False,62.00000000000006,63.245553203367585,88.00000000000009,0.0033770103445198707,0.004662277660168379,1.9537503354234613,1.587448195963779,0.21769709131836443,2.6650953488889932,3.125,100.0000000000021,94.76462713963073,108.00000000000009,1.0,100.0000000000009,0.9736564976070561,stopped,0
gentle,start,joint2+,2,0.35,0.34090908570339956,False,118.0000000000001,120.0,144.0000000000001,0.021493435985432408,0.026249999999999996,11.6370456852305,9.47227578494232,1.3092236333081453,4.8109435261069615,5.0,100.0000000000017,96.9070537831862,358.0000000000003,1.0,100.00000000000142,0.9739810271874316,stopped,0
gentle,start,joint2+,2,0.6,0.5844160059791969,False,168.00000000000003,169.99999999999997,186.00000000000006,0.05145810005317042,0.06,27.083694034840853,22.06402612336036,3.061884735865449,4.87035104123748,5.0,100.00000000000286,97.120740822735,608.0000000000005,1.0,100.00000000000003,0.9739982476211773,stopped,0
gentle,start,joint2-,2,0.1,0.09740259438080404,False,62.00000000000006,63.245553203367585,90.00000000000009,0.003376664519840311,0.004662277660168379,1.9721809987961132,1.6038548626549243,0.21872269594390892,2.6652715972281698,3.125,100.0000000000021,94.60879113531128,108.00000000000009,1.0,100.0000000000009,0.9737561787108578,stopped,0
gentle,start,joint2-,2,0.35,0.3409088690539982,False,118.0000000000001,120.0,154.00000000000014,0.021490139324942703,0.026249999999999996,11.961993280214983,9.760501166141431,1.3274708255182097,4.785740626110243,5.0,100.0000000000017,96.48560994744048,358.0000000000003,1.0,100.00000000000142,0.974080183203857,stopped,0
gentle,start,joint2-,2,0.6,0.5844136124818325,False,168.00000000000003,169.99999999999997,210.00000000000009,0.051449849795520475,0.06,28.302090190517244,23.143488072383466,3.131233588420323,4.862924497772688,5.0,100.00000000000286,96.26840417006876,608.0000000000005,1.0,100.00000000000003,0.9740819706454684,stopped,0
gentle,start,joint3+,3,0.1,0.09493670874311466,False,62.00000000000006,63.245553203367585,62.00000000000006,0.0029127592737122343,0.004662277660168379,0.3461698013213349,0.1293876213432941,0.16772393002044608,2.8922001341203476,3.125,100.0000000000021,94.92596878410575,108.00000000000009,1.0,100.0000000000009,0.9493668124278889,stopped,0
gentle,start,joint3+,3,0.35,0.332278475910326,False,118.0000000000001,120.0,118.0000000000001,0.01961813597062781,0.026249999999999996,2.2847550429570394,0.8321833432549338,1.1269518119812556,4.746565993461633,5.0,100.0000000000017,94.93488543063621,358.0000000000003,1.0,100.00000000000142,0.9493670918106212,stopped,0
gentle,start,joint3+,3,0.6,0.5696202265814636,False,168.00000000000003,169.99999999999997,168.00000000000003,0.047871613173704086,0.06,5.539564700861272,2.0007783649013073,2.747643559177839,4.746830237092089,5.0,100.00000000000286,94.93474256819212,608.0000000000005,1.0,100.00000000000003,0.9493670918106212,stopped,0
gentle,start,joint3-,3,0.1,0.09493670874338317,False,62.00000000000006,63.245553203367585,62.00000000000006,0.0029127594873685804,0.004662277660168379,0.34613875161775975,0.12936352317911282,0.16772602114834986,2.8922000030792394,3.125,100.0000000000021,94.92598505550154,108.00000000000009,1.0,100.0000000000009,0.9493667995325791,stopped,0
gentle,start,joint3-,3,0.35,0.3322784759666855,False,118.0000000000001,120.0,118.0000000000001,0.019618137587385148,0.026249999999999996,2.284186343512897,0.8317430087364961,1.1269890600575798,4.746568528429945,5.0,100.0000000000017,94.93493848753597,358.0000000000003,1.0,100.00000000000142,0.9493670785527403,stopped,0
gentle,start,joint3-,3,0.6,0.5696202271785863,False,168.00000000000003,169.99999999999997,168.00000000000003,0.047871616593649524,0.06,5.5375048422621225,1.9991824906309612,2.7477848007543244,4.746830988009709,5.0,100.00000000000286,94.93483897626831,608.0000000000005,1.0,100.00000000000003,0.9493670785527403,stopped,0
gentle,start,joint4+,4,0.1,0.09493670855159536,False,62.00000000000006,63.245553203367585,62.00000000000006,0.0029193174510651065,0.004662277660168379,0.5292617567638448,0.20193687423464757,0.17053130902405217,2.886628772525077,3.125,100.0000000000021,94.90164621356855,108.00000000000009,1.0,100.0000000000009,0.9493632998671605,stopped,0
gentle,start,joint4+,4,0.35,0.33227846718833026,False,118.0000000000001,120.0,118.0000000000001,0.019641358522425545,0.026249999999999996,3.4627123662596877,1.2790535713229576,1.1374528862515112,4.745876213831171,5.0,100.0000000000017,94.92712527733893,358.0000000000003,1.0,100.00000000000142,0.9493673303309635,stopped,0
gentle,start,joint4+,4,0.6,0.5696201813489713,False,168.00000000000003,169.99999999999997,168.00000000000003,0.04791155687841836,0.06,8.363568117348708,3.0528485325588575,2.7664675981203186,4.746802469427692,5.0,100.00000000000286,94.9272542955805,608.0000000000005,1.0,100.00000000000003,0.9493673303309635,stopped,0
gentle,start,joint4-,4,0.1,0.09493670856095736,False,62.00000000000006,63.245553203367585,62.00000000000006,0.0029193232005678693,0.004662277660168379,0.5283689426319089,0.20118005987905607,0.1704744346762602,2.886631823202399,3.125,100.0000000000021,94.90275848256235,108.00000000000009,1.0,100.0000000000009,0.9493626899229404,stopped,0
gentle,start,joint4-,4,0.35,0.33227846916464565,False,118.0000000000001,120.0,118.0000000000001,0.019641402300892508,0.026249999999999996,3.4466368237039706,1.2652030293482295,1.1364340312319563,4.746007378191891,5.0,100.0000000000017,94.92892547595399,358.0000000000003,1.0,100.00000000000142,0.9493667163314734,stopped,0
gentle,start,joint4-,4,0.6,0.5696202025334073,False,168.00000000000003,169.99999999999997,168.00000000000003,0.04791165416302712,0.06,8.304113016666639,3.001446172290676,2.762599517140827,4.746824313752771,5.0,100.00000000000286,94.93016439278156,608.0000000000005,1.0,100.00000000000003,0.9493667163314734,stopped,0
gentle,start,joint5+,5,0.1,0.09259259259259259,False,62.00000000000006,63.245553203367585,62.00000000000006,0.002873676917334367,0.004662277660168379,3.494436620133662e-05,1.2449246622513365e-05,0.1646632516197058,2.792829176283207,3.125,100.0000000000021,92.59244309418357,108.00000000000009,1.0,100.0000000000009,0.9259259259256358,stopped,0
gentle,start,joint5+,5,0.35,0.32407407407407407,False,118.0000000000001,120.0,118.0000000000001,0.019248610097019253,0.026249999999999996,0.000122590112481989,4.395414116607269e-05,1.1029120460965969,4.629611843783126,5.0,100.0000000000017,92.59259257128649,358.0000000000003,1.0,100.00000000000142,0.9259259259259411,stopped,0
gentle,start,joint5+,5,0.6,0.5555555555555556,False,168.00000000000003,169.99999999999997,168.00000000000003,0.04688650625828894,0.06,0.00021026495673126088,7.550263076692916e-05,2.686481084349019,4.6296296296273605,5.0,100.00000000000286,92.59259257128605,608.0000000000005,1.0,100.00000000000003,0.9259259259259411,stopped,0
gentle,start,joint5-,5,0.1,0.09259259259259259,False,62.00000000000006,63.245553203367585,62.00000000000006,0.002873676917334385,0.004662277660168379,3.4944373023896524e-05,1.2449267021051831e-05,0.16466325163741297,2.7928291762832727,3.125,100.0000000000021,92.59244309418534,108.00000000000009,1.0,100.0000000000009,0.9259259259256358,stopped,0
gentle,start,joint5-,5,0.35,0.32407407407407407,False,118.0000000000001,120.0,118.0000000000001,0.01924861009701921,0.026249999999999996,0.00012259024860472492,4.3954474975613e-05,1.1029120461025452,4.629611843783049,5.0,100.0000000000017,92.59259257128649,358.0000000000003,1.0,100.00000000000142,0.9259259259259411,stopped,0
gentle,start,joint5-,5,0.6,0.5555555555555556,False,168.00000000000003,169.99999999999997,168.00000000000003,0.046886506258288885,0.06,0.00021026540464719122,7.550368794105808e-05,2.686481084360148,4.629629629627353,5.0,100.00000000000286,92.59259257127228,608.0000000000005,1.0,100.00000000000003,0.9259259259259411,stopped,0
gentle,start,all+,,0.1,0.09802254671148786,False,62.00000000000006,63.245553203367585,94.00000000000009,0.003899299738053988,0.004662277660168379,3.059406276905575,2.6196273244446275,0.3840678922657324,3.0943202319912153,3.125,100.0000000000021,112.76207588698483,108.00000000000009,1.0,100.0000000000009,1.0483024348908057,stopped,0
gentle,start,all+,,0.35,0.3428820913745072,False,118.0000000000001,120.0,158.00000000000014,0.023784019905239873,0.026249999999999996,19.49250052855178,16.597290973120543,2.476377515551443,5.113089423446709,5.0,100.0000000000017,111.09074095612748,358.0000000000003,1.0,100.00000000000142,1.0483024348908057,stopped,0
gentle,start,all+,,0.6,0.5875342999540473,False,168.00000000000003,169.99999999999997,216.00000000000009,0.05639569607085976,0.06,49.484566932384816,41.5317647649754,5.985435665164671,5.177482861667721,5.0,100.00000000000286,109.8260605480965,608.0000000000005,1.0,100.00000000000003,1.0483024348908057,stopped,0
gentle,start,all-,,0.1,0.09814424963533686,False,62.00000000000006,63.245553203367585,92.00000000000009,0.0038389071703949507,0.004662277660168379,2.91489308440147,2.5116522266716776,0.38074073231085387,3.066210075985648,3.125,100.0000000000021,111.35052667605494,108.00000000000009,1.0,100.0000000000009,1.0481323743204274,stopped,0
gentle,start,all-,,0.35,0.34445484621190214,False,118.0000000000001,120.0,146.00000000000014,0.022733812794785396,0.026249999999999996,15.718221359206517,13.90457915780595,2.391022992705795,4.982630593057744,5.0,100.0000000000017,105.0120928207352,358.0000000000003,1.0,100.00000000000142,1.0481323743204274,stopped,0
gentle,start,all-,,0.6,0.5919662987175403,False,168.00000000000003,169.99999999999997,188.00000000000006,0.05273317924673315,0.06,31.77324044660325,29.070221688163866,5.533603812179115,4.952520192037041,5.0,100.00000000000286,100.81451802110286,608.0000000000005,1.0,100.00000000000003,1.0481323743204274,stopped,0
