trial_id,profile,offset_degrees,outcome,initial_detected,initial_error_px,final_error_px,first_detection_s,first_confirmed_reacquisition_s,terminal_time_s,observed_time_s,recovery_episodes,reacquisitions,recovery_time_s,used_scan,sample_count,transitions
1,medium,"[-0.8130658685452481, 3.605923598707337, 5.845410233766206, -5.816519679560218, 7.104223377612421, -7.12241880234488]",converged,False,,0.9905614852905273,0.7000000000000005,0.7660000000000006,5.065999999999664,6.065999999999554,1,1,0.7999999999999999,False,183,"[{""time_s"": 0.0, ""phase"": ""waiting""}, {""time_s"": 0.20000000000000015, ""phase"": ""returning""}, {""time_s"": 0.7000000000000005, ""phase"": ""confirming""}, {""time_s"": 0.7660000000000006, ""phase"": ""running""}, {""time_s"": 5.065999999999664, ""phase"": ""converged""}, {""time_s"": 5.09999999999966, ""phase"": ""post_stop""}]"
2,large,"[-1.2780489390141838, 13.987565757947603, 2.73655223997989, -17.88614405484045, -8.895292002893784, -13.414636810741886]",converged,False,,0.9980072975158691,1.0660000000000007,1.1320000000000008,5.731999999999591,6.731999999999481,1,1,1.166666666666667,False,203,"[{""time_s"": 0.0, ""phase"": ""waiting""}, {""time_s"": 0.20000000000000015, ""phase"": ""returning""}, {""time_s"": 1.0660000000000007, ""phase"": ""confirming""}, {""time_s"": 1.1320000000000008, ""phase"": ""running""}, {""time_s"": 5.731999999999591, ""phase"": ""converged""}, {""time_s"": 5.765999999999587, ""phase"": ""post_stop""}]"
3,medium,"[2.8717161482197646, 0.5131953458820373, -5.8431355255964545, 2.491762690898515, 6.532682785629813, -7.251546253014333]",converged,True,53.76506042480469,0.948555588722229,0.0,,3.7319999999998106,4.731999999999701,0,0,0.0,False,143,"[{""time_s"": 0.0, ""phase"": ""running""}, {""time_s"": 3.7319999999998106, ""phase"": ""converged""}, {""time_s"": 3.765999999999807, ""phase"": ""post_stop""}]"
4,medium,"[6.79894319330408, -4.36699926190961, 8.996361133829193, 5.387711086014239, -2.3718429643837915, 1.3618570544631066]",converged,True,99.37472534179688,0.9673828482627869,0.0,,4.331999999999745,5.331999999999635,0,0,0.0,False,161,"[{""time_s"": 0.0, ""phase"": ""running""}, {""time_s"": 4.331999999999745, ""phase"": ""converged""}, {""time_s"": 4.365999999999741, ""phase"": ""post_stop""}]"
5,small,"[1.5636034648025703, 0.36269280643384594, -2.1997651672541902, 3.5255242056066907, 0.7816390083703304, 3.679332212342776]",converged,True,29.471784591674805,0.9789620041847229,0.0,,3.365999999999851,4.365999999999741,0,0,0.0,False,132,"[{""time_s"": 0.0, ""phase"": ""running""}, {""time_s"": 3.365999999999851, ""phase"": ""converged""}, {""time_s"": 3.399999999999847, ""phase"": ""post_stop""}]"
6,small,"[2.1398502415996834, -0.27893884686042103, -3.78333338489909, -1.8652775461760562, -2.7385323503659205, -1.503045850580877]",converged,False,,0.9402791261672974,0.2660000000000002,0.33200000000000024,4.865999999999686,5.865999999999576,1,1,0.36666666666666664,False,177,"[{""time_s"": 0.0, ""phase"": ""waiting""}, {""time_s"": 0.20000000000000015, ""phase"": ""returning""}, {""time_s"": 0.2660000000000002, ""phase"": ""confirming""}, {""time_s"": 0.33200000000000024, ""phase"": ""running""}, {""time_s"": 4.865999999999686, ""phase"": ""converged""}, {""time_s"": 4.899999999999682, ""phase"": ""post_stop""}]"
7,small,"[1.5795083215018826, 0.3200520360263708, 0.40612750939433084, 3.662942435559663, -1.3870567625603958, -0.0866625829916865]",converged,True,9.976941108703613,0.9680711030960083,0.0,,2.4999999999999463,3.499999999999836,0,0,0.0,False,106,"[{""time_s"": 0.0, ""phase"": ""running""}, {""time_s"": 2.4999999999999463, ""phase"": ""converged""}, {""time_s"": 2.5319999999999427, ""phase"": ""post_stop""}]"
8,medium,"[-0.8791557812229875, -4.402620808469534, 4.571318342933505, 11.348047960064704, 0.9533308562043814, -4.390283202520127]",converged,True,103.0530014038086,0.9902769327163696,0.0,,4.46599999999973,5.46599999999962,0,0,0.0,False,165,"[{""time_s"": 0.0, ""phase"": ""running""}, {""time_s"": 4.46599999999973, ""phase"": ""converged""}, {""time_s"": 4.499999999999726, ""phase"": ""post_stop""}]"
9,medium,"[5.672383509568952, -0.8296458207747293, -6.97342976791691, -4.1993184894812305, 5.546099854695498, 3.7420387460226525]",converged,True,181.1334686279297,0.9769476652145386,0.0,,4.899999999999682,5.899999999999572,0,0,0.0,False,178,"[{""time_s"": 0.0, ""phase"": ""running""}, {""time_s"": 4.899999999999682, ""phase"": ""converged""}, {""time_s"": 4.931999999999679, ""phase"": ""post_stop""}]"
10,medium,"[7.915176513490408, -3.292840197830696, 6.128550068649943, 10.021271099986947, -0.5109147107880769, -11.88911339201951]",converged,True,92.09175109863281,0.9805222749710083,0.0,,4.131999999999767,5.131999999999657,0,0,0.0,False,155,"[{""time_s"": 0.0, ""phase"": ""running""}, {""time_s"": 4.131999999999767, ""phase"": ""converged""}, {""time_s"": 4.165999999999763, ""phase"": ""post_stop""}]"
11,medium,"[4.440567006001055, -5.474273320585242, 9.073067324452456, 4.473315163689804, 1.1850897052712703, 10.345542805065946]",converged,True,85.67382049560547,0.9673342704772949,0.0,,4.265999999999752,5.265999999999642,0,0,0.0,False,159,"[{""time_s"": 0.0, ""phase"": ""running""}, {""time_s"": 4.265999999999752, ""phase"": ""converged""}, {""time_s"": 4.2999999999997485, ""phase"": ""post_stop""}]"
12,medium,"[1.3005942696378465, -6.310350539686365, -8.955728587942712, -2.1843277455380044, 2.199089030472134, 4.3499972314542]",converged,False,,0.9593839049339294,0.7660000000000006,0.8320000000000006,5.231999999999646,6.231999999999536,1,1,0.8666666666666666,False,188,"[{""time_s"": 0.0, ""phase"": ""waiting""}, {""time_s"": 0.20000000000000015, ""phase"": ""returning""}, {""time_s"": 0.7660000000000006, ""phase"": ""confirming""}, {""time_s"": 0.8320000000000006, ""phase"": ""running""}, {""time_s"": 5.231999999999646, ""phase"": ""converged""}, {""time_s"": 5.265999999999642, ""phase"": ""post_stop""}]"
