timestamp, name, pstate, temperature.gpu, utilization.gpu [%], utilization.memory [%], clocks.current.sm [MHz], clocks.current.memory [MHz], power.draw [W], power.limit [W], enforced.power.limit [W], clocks_event_reasons.active, clocks_event_reasons.gpu_idle, clocks_event_reasons.sw_power_cap, clocks_event_reasons.sw_thermal_slowdown, clocks_event_reasons.hw_thermal_slowdown, clocks_event_reasons.hw_power_brake_slowdown
2026/09/23 14:57:11.805, NVIDIA GeForce RTX 3050 6GB Laptop GPU, P0, 49, 72, 13, 247, 5500, 14.26, [N/A], 45.00, 0x0000000000000000, Not Active, Not Active, Not Active, Not Active, Not Active
2026/09/23 14:57:12.071, NVIDIA GeForce RTX 3050 6GB Laptop GPU, P0, 49, 72, 13, 247, 5500, 14.23, [N/A], 45.00, 0x0000000000000000, Not Active, Not Active, Not Active, Not Active, Not Active
2026/09/23 14:57:12.327, NVIDIA GeForce RTX 3050 6GB Laptop GPU, P0, 49, 65, 11, 247, 5500, 14.41, [N/A], 45.00, 0x0000000000000000, Not Active, Not Active, Not Active, Not Active, Not Active
2026/09/23 14:57:12.580, NVIDIA GeForce RTX 3050 6GB Laptop GPU, P0, 49, 65, 11, 247, 5500, 14.90, [N/A], 45.00, 0x0000000000000000, Not Active, Not Active, Not Active, Not Active, Not Active
2026/09/23 14:57:12.836, NVIDIA GeForce RTX 3050 6GB Laptop GPU, P0, 49, 65, 11, 247, 5500, 15.64, [N/A], 45.00, 0x0000000000000000, Not Active, Not Active, Not Active, Not Active, Not Active
2026/09/23 14:57:13.094, NVIDIA GeForce RTX 3050 6GB Laptop GPU, P0, 49, 65, 11, 247, 5500, 15.95, [N/A], 45.00, 0x0000000000000000, Not Active, Not Active, Not Active, Not Active, Not Active
2026/09/23 14:57:13.355, NVIDIA GeForce RTX 3050 6GB Laptop GPU, P0, 49, 58, 8, 247, 5500, 15.91, [N/A], 45.00, 0x0000000000000000, Not Active, Not Active, Not Active, Not Active, Not Active
2026/09/23 14:57:13.612, NVIDIA GeForce RTX 3050 6GB Laptop GPU, P0, 49, 58, 8, 247, 5500, 15.85, [N/A], 45.00, 0x0000000000000000, Not Active, Not Active, Not Active, Not Active, Not Active
2026/09/23 14:57:13.866, NVIDIA GeForce RTX 3050 6GB Laptop GPU, P0, 49, 58, 8, 247, 5500, 15.55, [N/A], 45.00, 0x0000000000000000, Not Active, Not Active, Not Active, Not Active, Not Active
2026/09/23 14:57:14.122, NVIDIA GeForce RTX 3050 6GB Laptop GPU, P0, 49, 58, 8, 247, 5500, 15.38, [N/A], 45.00, 0x0000000000000000, Not Active, Not Active, Not Active, Not Active, Not Active
2026/09/23 14:57:14.379, NVIDIA GeForce RTX 3050 6GB Laptop GPU, P0, 49, 52, 9, 247, 5500, 15.16, [N/A], 45.00, 0x0000000000000000, Not Active, Not Active, Not Active, Not Active, Not Active
2026/09/23 14:57:14.636, NVIDIA GeForce RTX 3050 6GB Laptop GPU, P0, 49, 52, 9, 247, 5500, 14.99, [N/A], 45.00, 0x0000000000000000, Not Active, Not Active, Not Active, Not Active, Not Active
2026/09/23 14:57:14.893, NVIDIA GeForce RTX 3050 6GB Laptop GPU, P0, 49, 52, 9, 247, 5500, 15.00, [N/A], 45.00, 0x0000000000000000, Not Active, Not Active, Not Active, Not Active, Not Active
2026/09/23 14:57:15.147, NVIDIA GeForce RTX 3050 6GB Laptop GPU, P0, 49, 52, 9, 247, 5500, 14.89, [N/A], 45.00, 0x0000000000000000, Not Active, Not Active, Not Active, Not Active, Not Active
2026/09/23 14:57:15.400, NVIDIA GeForce RTX 3050 6GB Laptop GPU, P3, 49, 48, 7, 75, 5000, 14.73, [N/A], 45.00, 0x0000000000000001, Active, Not Active, Not Active, Not Active, Not Active
2026/09/23 14:57:15.656, NVIDIA GeForce RTX 3050 6GB Laptop GPU, P3, 49, 48, 7, 75, 5000, 14.57, [N/A], 45.00, 0x0000000000000001, Active, Not Active, Not Active, Not Active, Not Active
2026/09/23 14:57:15.910, NVIDIA GeForce RTX 3050 6GB Laptop GPU, P0, 49, 48, 7, 247, 5500, 14.46, [N/A], 45.00, 0x0000000000000001, Active, Not Active, Not Active, Not Active, Not Active
2026/09/23 14:57:16.162, NVIDIA GeForce RTX 3050 6GB Laptop GPU, P0, 49, 48, 7, 247, 5500, 14.40, [N/A], 45.00, 0x0000000000000001, Active, Not Active, Not Active, Not Active, Not Active
2026/09/23 14:57:16.419, NVIDIA GeForce RTX 3050 6GB Laptop GPU, P0, 49, 80, 6, 247, 5500, 14.27, [N/A], 45.00, 0x0000000000000001, Active, Not Active, Not Active, Not Active, Not Active
2026/09/23 14:57:16.671, NVIDIA GeForce RTX 3050 6GB Laptop GPU, P0, 49, 80, 6, 247, 5500, 13.66, [N/A], 45.00, 0x0000000000000001, Active, Not Active, Not Active, Not Active, Not Active
2026/09/23 14:57:16.924, NVIDIA GeForce RTX 3050 6GB Laptop GPU, P0, 49, 80, 6, 247, 5500, 13.48, [N/A], 45.00, 0x0000000000000001, Active, Not Active, Not Active, Not Active, Not Active
2026/09/23 14:57:17.185, NVIDIA GeForce RTX 3050 6GB Laptop GPU, P0, 49, 80, 6, 247, 5500, 12.74, [N/A], 45.00, 0x0000000000000001, Active, Not Active, Not Active, Not Active, Not Active
2026/09/23 14:57:17.441, NVIDIA GeForce RTX 3050 6GB Laptop GPU, P0, 49, 0, 0, 247, 5500, 12.47, [N/A], 45.00, 0x0000000000000001, Active, Not Active, Not Active, Not Active, Not Active
2026/09/23 14:57:17.706, NVIDIA GeForce RTX 3050 6GB Laptop GPU, P0, 49, 0, 0, 247, 5500, 12.82, [N/A], 45.00, 0x0000000000000001, Active, Not Active, Not Active, Not Active, Not Active
2026/09/23 14:57:17.964, NVIDIA GeForce RTX 3050 6GB Laptop GPU, P0, 49, 0, 0, 247, 5500, 13.41, [N/A], 45.00, 0x0000000000000001, Active, Not Active, Not Active, Not Active, Not Active
2026/09/23 14:57:18.218, NVIDIA GeForce RTX 3050 6GB Laptop GPU, P0, 49, 0, 0, 247, 5500, 13.69, [N/A], 45.00, 0x0000000000000001, Active, Not Active, Not Active, Not Active, Not Active
2026/09/23 14:57:18.475, NVIDIA GeForce RTX 3050 6GB Laptop GPU, P0, 49, 84, 6, 247, 5500, 14.58, [N/A], 45.00, 0x0000000000000001, Active, Not Active, Not Active, Not Active, Not Active
2026/09/23 14:57:18.730, NVIDIA GeForce RTX 3050 6GB Laptop GPU, P0, 49, 84, 6, 247, 5500, 14.72, [N/A], 45.00, 0x0000000000000001, Active, Not Active, Not Active, Not Active, Not Active
2026/09/23 14:57:18.987, NVIDIA GeForce RTX 3050 6GB Laptop GPU, P3, 49, 84, 6, 97, 5000, 14.73, [N/A], 45.00, 0x0000000000000001, Active, Not Active, Not Active, Not Active, Not Active
2026/09/23 14:57:19.242, NVIDIA GeForce RTX 3050 6GB Laptop GPU, P3, 49, 84, 6, 97, 5000, 14.93, [N/A], 45.00, 0x0000000000000001, Active, Not Active, Not Active, Not Active, Not Active
2026/09/23 14:57:19.499, NVIDIA GeForce RTX 3050 6GB Laptop GPU, P3, 49, 63, 10, 97, 5000, 14.80, [N/A], 45.00, 0x0000000000000001, Active, Not Active, Not Active, Not Active, Not Active
2026/09/23 14:57:19.756, NVIDIA GeForce RTX 3050 6GB Laptop GPU, P3, 49, 63, 10, 52, 5000, 14.81, [N/A], 45.00, 0x0000000000000001, Active, Not Active, Not Active, Not Active, Not Active
2026/09/23 14:57:20.014, NVIDIA GeForce RTX 3050 6GB Laptop GPU, P3, 49, 63, 10, 52, 5000, 14.48, [N/A], 45.00, 0x0000000000000001, Active, Not Active, Not Active, Not Active, Not Active
2026/09/23 14:57:20.270, NVIDIA GeForce RTX 3050 6GB Laptop GPU, P3, 49, 49, 7, 75, 5000, 14.34, [N/A], 45.00, 0x0000000000000001, Active, Not Active, Not Active, Not Active, Not Active
2026/09/23 14:57:20.527, NVIDIA GeForce RTX 3050 6GB Laptop GPU, P3, 49, 49, 7, 75, 5000, 14.36, [N/A], 45.00, 0x0000000000000001, Active, Not Active, Not Active, Not Active, Not Active
2026/09/23 14:57:20.788, NVIDIA GeForce RTX 3050 6GB Laptop GPU, P3, 49, 49, 7, 52, 5000, 13.93, [N/A], 45.00, 0x0000000000000001, Active, Not Active, Not Active, Not Active, Not Active
2026/09/23 14:57:21.043, NVIDIA GeForce RTX 3050 6GB Laptop GPU, P3, 49, 49, 7, 52, 5000, 14.02, [N/A], 45.00, 0x0000000000000001, Active, Not Active, Not Active, Not Active, Not Active
2026/09/23 14:57:21.299, NVIDIA GeForce RTX 3050 6GB Laptop GPU, P3, 49, 42, 6, 63, 5000, 13.93, [N/A], 45.00, 0x0000000000000001, Active, Not Active, Not Active, Not Active, Not Active
2026/09/23 14:57:21.557, NVIDIA GeForce RTX 3050 6GB Laptop GPU, P3, 49, 42, 6, 63, 5000, 13.86, [N/A], 45.00, 0x0000000000000001, Active, Not Active, Not Active, Not Active, Not Active
2026/09/23 14:57:21.809, NVIDIA GeForce RTX 3050 6GB Laptop GPU, P0, 49, 42, 6, 247, 5500, 13.74, [N/A], 45.00, 0x0000000000000001, Active, Not Active, Not Active, Not Active, Not Active
2026/09/23 14:57:22.066, NVIDIA GeForce RTX 3050 6GB Laptop GPU, P0, 49, 42, 6, 247, 5500, 14.09, [N/A], 45.00, 0x0000000000000001, Active, Not Active, Not Active, Not Active, Not Active
2026/09/23 14:57:22.325, NVIDIA GeForce RTX 3050 6GB Laptop GPU, P0, 50, 97, 5, 247, 5500, 14.02, [N/A], 45.00, 0x0000000000000001, Active, Not Active, Not Active, Not Active, Not Active
2026/09/23 14:57:22.583, NVIDIA GeForce RTX 3050 6GB Laptop GPU, P0, 50, 97, 5, 247, 5500, 13.92, [N/A], 45.00, 0x0000000000000001, Active, Not Active, Not Active, Not Active, Not Active
2026/09/23 14:57:22.841, NVIDIA GeForce RTX 3050 6GB Laptop GPU, P3, 49, 97, 5, 93, 5000, 14.27, [N/A], 45.00, 0x0000000000000001, Active, Not Active, Not Active, Not Active, Not Active
2026/09/23 14:57:23.098, NVIDIA GeForce RTX 3050 6GB Laptop GPU, P3, 49, 97, 5, 93, 5000, 14.24, [N/A], 45.00, 0x0000000000000001, Active, Not Active, Not Active, Not Active, Not Active
2026/09/23 14:57:23.353, NVIDIA GeForce RTX 3050 6GB Laptop GPU, P3, 49, 55, 10, 84, 5000, 14.05, [N/A], 45.00, 0x0000000000000001, Active, Not Active, Not Active, Not Active, Not Active
2026/09/23 14:57:23.608, NVIDIA GeForce RTX 3050 6GB Laptop GPU, P3, 49, 55, 10, 84, 5000, 13.63, [N/A], 45.00, 0x0000000000000001, Active, Not Active, Not Active, Not Active, Not Active
2026/09/23 14:57:23.861, NVIDIA GeForce RTX 3050 6GB Laptop GPU, P3, 49, 55, 10, 84, 5000, 12.86, [N/A], 45.00, 0x0000000000000001, Active, Not Active, Not Active, Not Active, Not Active
2026/09/23 14:57:24.119, NVIDIA GeForce RTX 3050 6GB Laptop GPU, P3, 49, 55, 10, 84, 5000, 12.45, [N/A], 45.00, 0x0000000000000001, Active, Not Active, Not Active, Not Active, Not Active
2026/09/23 14:57:24.377, NVIDIA GeForce RTX 3050 6GB Laptop GPU, P5, 49, 0, 0, 84, 810, 11.53, [N/A], 45.00, 0x0000000000000001, Active, Not Active, Not Active, Not Active, Not Active
2026/09/23 14:57:24.634, NVIDIA GeForce RTX 3050 6GB Laptop GPU, P5, 49, 0, 0, 84, 810, 12.19, [N/A], 45.00, 0x0000000000000001, Active, Not Active, Not Active, Not Active, Not Active
2026/09/23 14:57:24.890, NVIDIA GeForce RTX 3050 6GB Laptop GPU, P5, 50, 0, 0, 103, 810, 12.77, [N/A], 45.00, 0x0000000000000001, Active, Not Active, Not Active, Not Active, Not Active
2026/09/23 14:57:25.147, NVIDIA GeForce RTX 3050 6GB Laptop GPU, P5, 50, 0, 0, 103, 810, 13.67, [N/A], 45.00, 0x0000000000000001, Active, Not Active, Not Active, Not Active, Not Active
2026/09/23 14:57:25.403, NVIDIA GeForce RTX 3050 6GB Laptop GPU, P3, 50, 67, 12, 103, 5000, 14.58, [N/A], 45.00, 0x0000000000000001, Active, Not Active, Not Active, Not Active, Not Active
2026/09/23 14:57:25.660, NVIDIA GeForce RTX 3050 6GB Laptop GPU, P3, 50, 67, 12, 103, 5000, 15.00, [N/A], 45.00, 0x0000000000000001, Active, Not Active, Not Active, Not Active, Not Active
2026/09/23 14:57:25.922, NVIDIA GeForce RTX 3050 6GB Laptop GPU, P0, 49, 67, 12, 247, 5500, 14.87, [N/A], 45.00, 0x0000000000000001, Active, Not Active, Not Active, Not Active, Not Active
2026/09/23 14:57:26.180, NVIDIA GeForce RTX 3050 6GB Laptop GPU, P0, 49, 67, 12, 247, 5500, 14.98, [N/A], 45.00, 0x0000000000000001, Active, Not Active, Not Active, Not Active, Not Active
2026/09/23 14:57:26.437, NVIDIA GeForce RTX 3050 6GB Laptop GPU, P0, 50, 87, 6, 247, 5500, 14.92, [N/A], 45.00, 0x0000000000000001, Active, Not Active, Not Active, Not Active, Not Active
2026/09/23 14:57:26.700, NVIDIA GeForce RTX 3050 6GB Laptop GPU, P0, 50, 87, 6, 247, 5500, 14.65, [N/A], 45.00, 0x0000000000000001, Active, Not Active, Not Active, Not Active, Not Active
2026/09/23 14:57:26.953, NVIDIA GeForce RTX 3050 6GB Laptop GPU, P3, 50, 87, 6, 75, 5000, 14.47, [N/A], 45.00, 0x0000000000000001, Active, Not Active, Not Active, Not Active, Not Active
2026/09/23 14:57:27.209, NVIDIA GeForce RTX 3050 6GB Laptop GPU, P3, 50, 87, 6, 75, 5000, 14.30, [N/A], 45.00, 0x0000000000000001, Active, Not Active, Not Active, Not Active, Not Active
2026/09/23 14:57:27.466, NVIDIA GeForce RTX 3050 6GB Laptop GPU, P0, 50, 28, 5, 247, 5500, 14.09, [N/A], 45.00, 0x0000000000000001, Active, Not Active, Not Active, Not Active, Not Active
2026/09/23 14:57:27.723, NVIDIA GeForce RTX 3050 6GB Laptop GPU, P0, 50, 28, 5, 247, 5500, 14.01, [N/A], 45.00, 0x0000000000000001, Active, Not Active, Not Active, Not Active, Not Active
2026/09/23 14:57:27.984, NVIDIA GeForce RTX 3050 6GB Laptop GPU, P3, 50, 28, 5, 67, 5000, 13.90, [N/A], 45.00, 0x0000000000000001, Active, Not Active, Not Active, Not Active, Not Active
2026/09/23 14:57:28.241, NVIDIA GeForce RTX 3050 6GB Laptop GPU, P3, 50, 28, 5, 67, 5000, 14.10, [N/A], 45.00, 0x0000000000000001, Active, Not Active, Not Active, Not Active, Not Active
2026/09/23 14:57:28.492, NVIDIA GeForce RTX 3050 6GB Laptop GPU, P3, 50, 45, 6, 69, 5000, 13.84, [N/A], 45.00, 0x0000000000000001, Active, Not Active, Not Active, Not Active, Not Active
2026/09/23 14:57:28.750, NVIDIA GeForce RTX 3050 6GB Laptop GPU, P3, 50, 45, 6, 69, 5000, 14.02, [N/A], 45.00, 0x0000000000000001, Active, Not Active, Not Active, Not Active, Not Active
2026/09/23 14:57:29.007, NVIDIA GeForce RTX 3050 6GB Laptop GPU, P0, 50, 45, 6, 247, 5500, 14.03, [N/A], 45.00, 0x0000000000000001, Active, Not Active, Not Active, Not Active, Not Active
2026/09/23 14:57:29.265, NVIDIA GeForce RTX 3050 6GB Laptop GPU, P0, 50, 92, 5, 247, 5500, 14.02, [N/A], 45.00, 0x0000000000000001, Active, Not Active, Not Active, Not Active, Not Active
2026/09/23 14:57:29.522, NVIDIA GeForce RTX 3050 6GB Laptop GPU, P0, 50, 92, 5, 247, 5500, 14.18, [N/A], 45.00, 0x0000000000000001, Active, Not Active, Not Active, Not Active, Not Active
2026/09/23 14:57:29.774, NVIDIA GeForce RTX 3050 6GB Laptop GPU, P3, 50, 92, 5, 90, 5000, 14.30, [N/A], 45.00, 0x0000000000000001, Active, Not Active, Not Active, Not Active, Not Active
2026/09/23 14:57:30.032, NVIDIA GeForce RTX 3050 6GB Laptop GPU, P3, 50, 92, 5, 90, 5000, 14.34, [N/A], 45.00, 0x0000000000000001, Active, Not Active, Not Active, Not Active, Not Active
2026/09/23 14:57:30.291, NVIDIA GeForce RTX 3050 6GB Laptop GPU, P0, 50, 37, 6, 247, 5500, 14.20, [N/A], 45.00, 0x0000000000000001, Active, Not Active, Not Active, Not Active, Not Active
2026/09/23 14:57:30.551, NVIDIA GeForce RTX 3050 6GB Laptop GPU, P0, 50, 37, 6, 247, 5500, 13.56, [N/A], 45.00, 0x0000000000000001, Active, Not Active, Not Active, Not Active, Not Active
2026/09/23 14:57:30.809, NVIDIA GeForce RTX 3050 6GB Laptop GPU, P0, 50, 37, 6, 247, 5500, 13.22, [N/A], 45.00, 0x0000000000000001, Active, Not Active, Not Active, Not Active, Not Active
2026/09/23 14:57:31.067, NVIDIA GeForce RTX 3050 6GB Laptop GPU, P0, 50, 37, 6, 247, 5500, 12.65, [N/A], 45.00, 0x0000000000000001, Active, Not Active, Not Active, Not Active, Not Active
2026/09/23 14:57:31.326, NVIDIA GeForce RTX 3050 6GB Laptop GPU, P0, 50, 0, 0, 247, 5500, 12.72, [N/A], 45.00, 0x0000000000000001, Active, Not Active, Not Active, Not Active, Not Active
2026/09/23 14:57:31.582, NVIDIA GeForce RTX 3050 6GB Laptop GPU, P0, 50, 0, 0, 247, 5500, 12.86, [N/A], 45.00, 0x0000000000000001, Active, Not Active, Not Active, Not Active, Not Active
2026/09/23 14:57:31.841, NVIDIA GeForce RTX 3050 6GB Laptop GPU, P0, 50, 0, 0, 247, 5500, 13.95, [N/A], 45.00, 0x0000000000000001, Active, Not Active, Not Active, Not Active, Not Active
2026/09/23 14:57:32.098, NVIDIA GeForce RTX 3050 6GB Laptop GPU, P0, 50, 0, 0, 247, 5500, 14.54, [N/A], 45.00, 0x0000000000000001, Active, Not Active, Not Active, Not Active, Not Active
2026/09/23 14:57:32.356, NVIDIA GeForce RTX 3050 6GB Laptop GPU, P0, 50, 88, 7, 247, 5500, 15.26, [N/A], 45.00, 0x0000000000000001, Active, Not Active, Not Active, Not Active, Not Active
2026/09/23 14:57:32.615, NVIDIA GeForce RTX 3050 6GB Laptop GPU, P0, 50, 88, 7, 247, 5500, 15.26, [N/A], 45.00, 0x0000000000000001, Active, Not Active, Not Active, Not Active, Not Active
2026/09/23 14:57:32.875, NVIDIA GeForce RTX 3050 6GB Laptop GPU, P0, 50, 88, 7, 247, 5500, 15.56, [N/A], 45.00, 0x0000000000000001, Active, Not Active, Not Active, Not Active, Not Active
2026/09/23 14:57:33.133, NVIDIA GeForce RTX 3050 6GB Laptop GPU, P0, 50, 88, 7, 247, 5500, 15.26, [N/A], 45.00, 0x0000000000000001, Active, Not Active, Not Active, Not Active, Not Active
2026/09/23 14:57:33.391, NVIDIA GeForce RTX 3050 6GB Laptop GPU, P0, 50, 80, 6, 247, 5500, 15.28, [N/A], 45.00, 0x0000000000000001, Active, Not Active, Not Active, Not Active, Not Active
2026/09/23 14:57:33.648, NVIDIA GeForce RTX 3050 6GB Laptop GPU, P0, 50, 80, 6, 247, 5500, 14.98, [N/A], 45.00, 0x0000000000000001, Active, Not Active, Not Active, Not Active, Not Active
2026/09/23 14:57:33.914, NVIDIA GeForce RTX 3050 6GB Laptop GPU, P3, 50, 80, 6, 91, 5000, 14.53, [N/A], 45.00, 0x0000000000000001, Active, Not Active, Not Active, Not Active, Not Active
2026/09/23 14:57:34.171, NVIDIA GeForce RTX 3050 6GB Laptop GPU, P3, 50, 80, 6, 91, 5000, 13.89, [N/A], 45.00, 0x0000000000000001, Active, Not Active, Not Active, Not Active, Not Active
2026/09/23 14:57:34.429, NVIDIA GeForce RTX 3050 6GB Laptop GPU, P0, 50, 89, 2, 247, 5500, 13.85, [N/A], 45.00, 0x0000000000000001, Active, Not Active, Not Active, Not Active, Not Active
2026/09/23 14:57:34.686, NVIDIA GeForce RTX 3050 6GB Laptop GPU, P0, 50, 89, 2, 247, 5500, 14.07, [N/A], 45.00, 0x0000000000000001, Active, Not Active, Not Active, Not Active, Not Active
2026/09/23 14:57:34.945, NVIDIA GeForce RTX 3050 6GB Laptop GPU, P3, 50, 89, 2, 97, 5000, 14.01, [N/A], 45.00, 0x0000000000000001, Active, Not Active, Not Active, Not Active, Not Active
2026/09/23 14:57:35.200, NVIDIA GeForce RTX 3050 6GB Laptop GPU, P3, 50, 89, 2, 97, 5000, 13.99, [N/A], 45.00, 0x0000000000000001, Active, Not Active, Not Active, Not Active, Not Active
2026/09/23 14:57:35.456, NVIDIA GeForce RTX 3050 6GB Laptop GPU, P0, 50, 76, 4, 247, 5500, 14.14, [N/A], 45.00, 0x0000000000000001, Active, Not Active, Not Active, Not Active, Not Active
2026/09/23 14:57:35.713, NVIDIA GeForce RTX 3050 6GB Laptop GPU, P0, 50, 76, 4, 247, 5500, 14.31, [N/A], 45.00, 0x0000000000000001, Active, Not Active, Not Active, Not Active, Not Active
2026/09/23 14:57:35.970, NVIDIA GeForce RTX 3050 6GB Laptop GPU, P3, 50, 76, 4, 75, 5000, 14.02, [N/A], 45.00, 0x0000000000000001, Active, Not Active, Not Active, Not Active, Not Active
2026/09/23 14:57:36.227, NVIDIA GeForce RTX 3050 6GB Laptop GPU, P3, 50, 76, 4, 75, 5000, 14.49, [N/A], 45.00, 0x0000000000000001, Active, Not Active, Not Active, Not Active, Not Active
2026/09/23 14:57:36.484, NVIDIA GeForce RTX 3050 6GB Laptop GPU, P3, 50, 61, 9, 93, 5000, 14.40, [N/A], 45.00, 0x0000000000000001, Active, Not Active, Not Active, Not Active, Not Active
2026/09/23 14:57:36.741, NVIDIA GeForce RTX 3050 6GB Laptop GPU, P3, 50, 61, 9, 93, 5000, 13.99, [N/A], 45.00, 0x0000000000000001, Active, Not Active, Not Active, Not Active, Not Active
2026/09/23 14:57:36.993, NVIDIA GeForce RTX 3050 6GB Laptop GPU, P0, 50, 61, 9, 247, 5500, 13.60, [N/A], 45.00, 0x0000000000000001, Active, Not Active, Not Active, Not Active, Not Active
2026/09/23 14:57:37.249, NVIDIA GeForce RTX 3050 6GB Laptop GPU, P0, 50, 61, 9, 247, 5500, 12.94, [N/A], 45.00, 0x0000000000000001, Active, Not Active, Not Active, Not Active, Not Active
2026/09/23 14:57:37.506, NVIDIA GeForce RTX 3050 6GB Laptop GPU, P0, 50, 0, 0, 247, 5500, 12.67, [N/A], 45.00, 0x0000000000000001, Active, Not Active, Not Active, Not Active, Not Active
2026/09/23 14:57:37.768, NVIDIA GeForce RTX 3050 6GB Laptop GPU, P0, 50, 0, 0, 247, 5500, 12.70, [N/A], 45.00, 0x0000000000000001, Active, Not Active, Not Active, Not Active, Not Active
2026/09/23 14:57:38.021, NVIDIA GeForce RTX 3050 6GB Laptop GPU, P0, 50, 0, 0, 247, 5500, 13.43, [N/A], 45.00, 0x0000000000000001, Active, Not Active, Not Active, Not Active, Not Active
2026/09/23 14:57:38.279, NVIDIA GeForce RTX 3050 6GB Laptop GPU, P0, 50, 90, 37, 247, 5500, 13.97, [N/A], 45.00, 0x0000000000000001, Active, Not Active, Not Active, Not Active, Not Active
2026/09/23 14:57:38.537, NVIDIA GeForce RTX 3050 6GB Laptop GPU, P0, 50, 90, 37, 247, 5500, 14.63, [N/A], 45.00, 0x0000000000000001, Active, Not Active, Not Active, Not Active, Not Active
2026/09/23 14:57:38.797, NVIDIA GeForce RTX 3050 6GB Laptop GPU, P3, 50, 90, 37, 110, 5000, 15.15, [N/A], 45.00, 0x0000000000000001, Active, Not Active, Not Active, Not Active, Not Active
2026/09/23 14:57:39.054, NVIDIA GeForce RTX 3050 6GB Laptop GPU, P3, 50, 90, 37, 110, 5000, 14.94, [N/A], 45.00, 0x0000000000000001, Active, Not Active, Not Active, Not Active, Not Active
2026/09/23 14:57:39.311, NVIDIA GeForce RTX 3050 6GB Laptop GPU, P3, 50, 65, 10, 101, 5000, 15.19, [N/A], 45.00, 0x0000000000000001, Active, Not Active, Not Active, Not Active, Not Active
2026/09/23 14:57:39.569, NVIDIA GeForce RTX 3050 6GB Laptop GPU, P3, 50, 65, 10, 101, 5000, 15.10, [N/A], 45.00, 0x0000000000000001, Active, Not Active, Not Active, Not Active, Not Active
2026/09/23 14:57:39.829, NVIDIA GeForce RTX 3050 6GB Laptop GPU, P0, 50, 65, 10, 247, 5500, 14.81, [N/A], 45.00, 0x0000000000000001, Active, Not Active, Not Active, Not Active, Not Active
2026/09/23 14:57:40.087, NVIDIA GeForce RTX 3050 6GB Laptop GPU, P0, 50, 65, 10, 247, 5500, 14.77, [N/A], 45.00, 0x0000000000000001, Active, Not Active, Not Active, Not Active, Not Active
2026/09/23 14:57:40.345, NVIDIA GeForce RTX 3050 6GB Laptop GPU, P0, 50, 76, 5, 247, 5500, 14.58, [N/A], 45.00, 0x0000000000000001, Active, Not Active, Not Active, Not Active, Not Active
2026/09/23 14:57:40.602, NVIDIA GeForce RTX 3050 6GB Laptop GPU, P0, 50, 76, 5, 247, 5500, 14.36, [N/A], 45.00, 0x0000000000000001, Active, Not Active, Not Active, Not Active, Not Active
2026/09/23 14:57:40.860, NVIDIA GeForce RTX 3050 6GB Laptop GPU, P3, 51, 76, 5, 75, 5000, 14.45, [N/A], 45.00, 0x0000000000000001, Active, Not Active, Not Active, Not Active, Not Active
2026/09/23 14:57:41.118, NVIDIA GeForce RTX 3050 6GB Laptop GPU, P3, 51, 76, 5, 75, 5000, 14.20, [N/A], 45.00, 0x0000000000000001, Active, Not Active, Not Active, Not Active, Not Active
2026/09/23 14:57:41.374, NVIDIA GeForce RTX 3050 6GB Laptop GPU, P3, 50, 58, 8, 88, 5000, 14.22, [N/A], 45.00, 0x0000000000000001, Active, Not Active, Not Active, Not Active, Not Active
2026/09/23 14:57:41.631, NVIDIA GeForce RTX 3050 6GB Laptop GPU, P3, 50, 58, 8, 88, 5000, 14.14, [N/A], 45.00, 0x0000000000000001, Active, Not Active, Not Active, Not Active, Not Active
2026/09/23 14:57:41.886, NVIDIA GeForce RTX 3050 6GB Laptop GPU, P3, 50, 58, 8, 84, 5000, 14.09, [N/A], 45.00, 0x0000000000000001, Active, Not Active, Not Active, Not Active, Not Active
2026/09/23 14:57:42.144, NVIDIA GeForce RTX 3050 6GB Laptop GPU, P3, 50, 58, 8, 84, 5000, 14.30, [N/A], 45.00, 0x0000000000000001, Active, Not Active, Not Active, Not Active, Not Active
2026/09/23 14:57:42.400, NVIDIA GeForce RTX 3050 6GB Laptop GPU, P3, 50, 51, 9, 78, 5000, 14.06, [N/A], 45.00, 0x0000000000000001, Active, Not Active, Not Active, Not Active, Not Active
2026/09/23 14:57:42.657, NVIDIA GeForce RTX 3050 6GB Laptop GPU, P3, 50, 51, 9, 78, 5000, 14.51, [N/A], 45.00, 0x0000000000000001, Active, Not Active, Not Active, Not Active, Not Active
2026/09/23 14:57:42.912, NVIDIA GeForce RTX 3050 6GB Laptop GPU, P0, 50, 51, 9, 247, 5500, 14.40, [N/A], 45.00, 0x0000000000000001, Active, Not Active, Not Active, Not Active, Not Active
2026/09/23 14:57:43.170, NVIDIA GeForce RTX 3050 6GB Laptop GPU, P0, 50, 51, 9, 247, 5500, 14.00, [N/A], 45.00, 0x0000000000000001, Active, Not Active, Not Active, Not Active, Not Active
2026/09/23 14:57:43.428, NVIDIA GeForce RTX 3050 6GB Laptop GPU, P0, 50, 0, 0, 247, 5500, 13.49, [N/A], 45.00, 0x0000000000000001, Active, Not Active, Not Active, Not Active, Not Active
2026/09/23 14:57:43.685, NVIDIA GeForce RTX 3050 6GB Laptop GPU, P0, 50, 0, 0, 247, 5500, 12.95, [N/A], 45.00, 0x0000000000000001, Active, Not Active, Not Active, Not Active, Not Active
2026/09/23 14:57:43.943, NVIDIA GeForce RTX 3050 6GB Laptop GPU, P0, 50, 0, 0, 247, 5500, 12.68, [N/A], 45.00, 0x0000000000000001, Active, Not Active, Not Active, Not Active, Not Active
2026/09/23 14:57:44.197, NVIDIA GeForce RTX 3050 6GB Laptop GPU, P0, 50, 0, 0, 247, 5500, 12.86, [N/A], 45.00, 0x0000000000000001, Active, Not Active, Not Active, Not Active, Not Active
2026/09/23 14:57:44.455, NVIDIA GeForce RTX 3050 6GB Laptop GPU, P5, 50, 50, 9, 76, 810, 13.35, [N/A], 45.00, 0x0000000000000001, Active, Not Active, Not Active, Not Active, Not Active
2026/09/23 14:57:44.711, NVIDIA GeForce RTX 3050 6GB Laptop GPU, P5, 50, 50, 9, 76, 810, 13.79, [N/A], 45.00, 0x0000000000000001, Active, Not Active, Not Active, Not Active, Not Active
2026/09/23 14:57:44.971, NVIDIA GeForce RTX 3050 6GB Laptop GPU, P0, 50, 50, 9, 247, 5500, 14.66, [N/A], 45.00, 0x0000000000000001, Active, Not Active, Not Active, Not Active, Not Active
2026/09/23 14:57:45.229, NVIDIA GeForce RTX 3050 6GB Laptop GPU, P0, 50, 50, 9, 247, 5500, 14.83, [N/A], 45.00, 0x0000000000000001, Active, Not Active, Not Active, Not Active, Not Active
2026/09/23 14:57:45.486, NVIDIA GeForce RTX 3050 6GB Laptop GPU, P0, 51, 91, 7, 247, 5500, 15.22, [N/A], 45.00, 0x0000000000000001, Active, Not Active, Not Active, Not Active, Not Active
2026/09/23 14:57:45.743, NVIDIA GeForce RTX 3050 6GB Laptop GPU, P0, 51, 91, 7, 247, 5500, 15.35, [N/A], 45.00, 0x0000000000000001, Active, Not Active, Not Active, Not Active, Not Active
2026/09/23 14:57:46.003, NVIDIA GeForce RTX 3050 6GB Laptop GPU, P3, 50, 91, 7, 110, 5000, 15.17, [N/A], 45.00, 0x0000000000000001, Active, Not Active, Not Active, Not Active, Not Active
2026/09/23 14:57:46.260, NVIDIA GeForce RTX 3050 6GB Laptop GPU, P3, 50, 91, 7, 110, 5000, 15.18, [N/A], 45.00, 0x0000000000000001, Active, Not Active, Not Active, Not Active, Not Active
2026/09/23 14:57:46.514, NVIDIA GeForce RTX 3050 6GB Laptop GPU, P3, 50, 57, 10, 90, 5000, 14.82, [N/A], 45.00, 0x0000000000000001, Active, Not Active, Not Active, Not Active, Not Active
2026/09/23 14:57:46.771, NVIDIA GeForce RTX 3050 6GB Laptop GPU, P0, 50, 57, 10, 247, 5500, 14.60, [N/A], 45.00, 0x0000000000000001, Active, Not Active, Not Active, Not Active, Not Active
2026/09/23 14:57:47.024, NVIDIA GeForce RTX 3050 6GB Laptop GPU, P0, 50, 57, 10, 247, 5500, 14.49, [N/A], 45.00, 0x0000000000000001, Active, Not Active, Not Active, Not Active, Not Active
2026/09/23 14:57:47.280, NVIDIA GeForce RTX 3050 6GB Laptop GPU, P0, 50, 81, 3, 247, 5500, 14.27, [N/A], 45.00, 0x0000000000000001, Active, Not Active, Not Active, Not Active, Not Active
2026/09/23 14:57:47.535, NVIDIA GeForce RTX 3050 6GB Laptop GPU, P0, 50, 81, 3, 247, 5500, 14.13, [N/A], 45.00, 0x0000000000000001, Active, Not Active, Not Active, Not Active, Not Active
2026/09/23 14:57:47.791, NVIDIA GeForce RTX 3050 6GB Laptop GPU, P0, 50, 81, 3, 247, 5500, 13.83, [N/A], 45.00, 0x0000000000000001, Active, Not Active, Not Active, Not Active, Not Active
2026/09/23 14:57:48.052, NVIDIA GeForce RTX 3050 6GB Laptop GPU, P0, 50, 81, 3, 247, 5500, 13.85, [N/A], 45.00, 0x0000000000000001, Active, Not Active, Not Active, Not Active, Not Active
2026/09/23 14:57:48.307, NVIDIA GeForce RTX 3050 6GB Laptop GPU, P0, 51, 94, 5, 247, 5500, 14.02, [N/A], 45.00, 0x0000000000000001, Active, Not Active, Not Active, Not Active, Not Active
2026/09/23 14:57:48.564, NVIDIA GeForce RTX 3050 6GB Laptop GPU, P0, 51, 94, 5, 247, 5500, 13.81, [N/A], 45.00, 0x0000000000000001, Active, Not Active, Not Active, Not Active, Not Active
2026/09/23 14:57:48.821, NVIDIA GeForce RTX 3050 6GB Laptop GPU, P5, 50, 94, 5, 101, 810, 14.32, [N/A], 45.00, 0x0000000000000001, Active, Not Active, Not Active, Not Active, Not Active
2026/09/23 14:57:49.079, NVIDIA GeForce RTX 3050 6GB Laptop GPU, P5, 50, 94, 5, 101, 810, 14.32, [N/A], 45.00, 0x0000000000000001, Active, Not Active, Not Active, Not Active, Not Active
2026/09/23 14:57:49.336, NVIDIA GeForce RTX 3050 6GB Laptop GPU, P3, 51, 51, 10, 78, 5000, 14.31, [N/A], 45.00, 0x0000000000000001, Active, Not Active, Not Active, Not Active, Not Active
2026/09/23 14:57:49.593, NVIDIA GeForce RTX 3050 6GB Laptop GPU, P3, 51, 51, 10, 78, 5000, 14.15, [N/A], 45.00, 0x0000000000000001, Active, Not Active, Not Active, Not Active, Not Active
2026/09/23 14:57:49.852, NVIDIA GeForce RTX 3050 6GB Laptop GPU, P0, 50, 51, 10, 247, 5500, 13.46, [N/A], 45.00, 0x0000000000000001, Active, Not Active, Not Active, Not Active, Not Active
2026/09/23 14:57:50.108, NVIDIA GeForce RTX 3050 6GB Laptop GPU, P0, 50, 51, 10, 247, 5500, 13.31, [N/A], 45.00, 0x0000000000000001, Active, Not Active, Not Active, Not Active, Not Active
2026/09/23 14:57:50.367, NVIDIA GeForce RTX 3050 6GB Laptop GPU, P0, 50, 0, 0, 247, 5500, 12.68, [N/A], 45.00, 0x0000000000000001, Active, Not Active, Not Active, Not Active, Not Active
2026/09/23 14:57:50.620, NVIDIA GeForce RTX 3050 6GB Laptop GPU, P0, 50, 0, 0, 247, 5500, 12.35, [N/A], 45.00, 0x0000000000000001, Active, Not Active, Not Active, Not Active, Not Active
2026/09/23 14:57:50.875, NVIDIA GeForce RTX 3050 6GB Laptop GPU, P3, 51, 0, 0, 99, 5000, 13.20, [N/A], 45.00, 0x0000000000000001, Active, Not Active, Not Active, Not Active, Not Active
2026/09/23 14:57:51.131, NVIDIA GeForce RTX 3050 6GB Laptop GPU, P3, 51, 0, 0, 99, 5000, 13.94, [N/A], 45.00, 0x0000000000000001, Active, Not Active, Not Active, Not Active, Not Active
2026/09/23 14:57:51.390, NVIDIA GeForce RTX 3050 6GB Laptop GPU, P3, 51, 62, 9, 95, 5000, 14.25, [N/A], 45.00, 0x0000000000000001, Active, Not Active, Not Active, Not Active, Not Active
2026/09/23 14:57:51.643, NVIDIA GeForce RTX 3050 6GB Laptop GPU, P3, 51, 62, 9, 95, 5000, 15.15, [N/A], 45.00, 0x0000000000000001, Active, Not Active, Not Active, Not Active, Not Active
2026/09/23 14:57:51.903, NVIDIA GeForce RTX 3050 6GB Laptop GPU, P0, 51, 62, 9, 247, 5500, 15.05, [N/A], 45.00, 0x0000000000000001, Active, Not Active, Not Active, Not Active, Not Active
2026/09/23 14:57:52.158, NVIDIA GeForce RTX 3050 6GB Laptop GPU, P0, 51, 62, 9, 247, 5500, 15.02, [N/A], 45.00, 0x0000000000000001, Active, Not Active, Not Active, Not Active, Not Active
2026/09/23 14:57:52.412, NVIDIA GeForce RTX 3050 6GB Laptop GPU, P0, 51, 85, 7, 247, 5500, 15.31, [N/A], 45.00, 0x0000000000000001, Active, Not Active, Not Active, Not Active, Not Active
2026/09/23 14:57:52.668, NVIDIA GeForce RTX 3050 6GB Laptop GPU, P0, 51, 85, 7, 247, 5500, 15.00, [N/A], 45.00, 0x0000000000000001, Active, Not Active, Not Active, Not Active, Not Active
2026/09/23 14:57:52.919, NVIDIA GeForce RTX 3050 6GB Laptop GPU, P3, 51, 85, 7, 90, 5000, 14.87, [N/A], 45.00, 0x0000000000000001, Active, Not Active, Not Active, Not Active, Not Active
2026/09/23 14:57:53.171, NVIDIA GeForce RTX 3050 6GB Laptop GPU, P3, 51, 85, 7, 90, 5000, 14.70, [N/A], 45.00, 0x0000000000000001, Active, Not Active, Not Active, Not Active, Not Active
2026/09/23 14:57:53.425, NVIDIA GeForce RTX 3050 6GB Laptop GPU, P3, 50, 41, 7, 63, 5000, 14.30, [N/A], 45.00, 0x0000000000000001, Active, Not Active, Not Active, Not Active, Not Active
2026/09/23 14:57:53.683, NVIDIA GeForce RTX 3050 6GB Laptop GPU, P3, 50, 41, 7, 63, 5000, 14.28, [N/A], 45.00, 0x0000000000000001, Active, Not Active, Not Active, Not Active, Not Active
2026/09/23 14:57:53.940, NVIDIA GeForce RTX 3050 6GB Laptop GPU, P0, 51, 41, 7, 247, 5500, 14.17, [N/A], 45.00, 0x0000000000000001, Active, Not Active, Not Active, Not Active, Not Active
2026/09/23 14:57:54.193, NVIDIA GeForce RTX 3050 6GB Laptop GPU, P0, 51, 41, 7, 247, 5500, 14.09, [N/A], 45.00, 0x0000000000000001, Active, Not Active, Not Active, Not Active, Not Active
2026/09/23 14:57:54.448, NVIDIA GeForce RTX 3050 6GB Laptop GPU, P0, 51, 76, 5, 247, 5500, 14.36, [N/A], 45.00, 0x0000000000000001, Active, Not Active, Not Active, Not Active, Not Active
2026/09/23 14:57:54.706, NVIDIA GeForce RTX 3050 6GB Laptop GPU, P0, 51, 76, 5, 247, 5500, 14.27, [N/A], 45.00, 0x0000000000000001, Active, Not Active, Not Active, Not Active, Not Active
2026/09/23 14:57:54.960, NVIDIA GeForce RTX 3050 6GB Laptop GPU, P3, 51, 76, 5, 75, 5000, 14.20, [N/A], 45.00, 0x0000000000000001, Active, Not Active, Not Active, Not Active, Not Active
2026/09/23 14:57:55.217, NVIDIA GeForce RTX 3050 6GB Laptop GPU, P3, 51, 76, 5, 75, 5000, 14.06, [N/A], 45.00, 0x0000000000000001, Active, Not Active, Not Active, Not Active, Not Active
2026/09/23 14:57:55.472, NVIDIA GeForce RTX 3050 6GB Laptop GPU, P0, 51, 98, 4, 247, 5500, 14.03, [N/A], 45.00, 0x0000000000000001, Active, Not Active, Not Active, Not Active, Not Active
2026/09/23 14:57:55.728, NVIDIA GeForce RTX 3050 6GB Laptop GPU, P0, 51, 98, 4, 247, 5500, 14.22, [N/A], 45.00, 0x0000000000000001, Active, Not Active, Not Active, Not Active, Not Active
2026/09/23 14:57:55.981, NVIDIA GeForce RTX 3050 6GB Laptop GPU, P3, 51, 98, 4, 95, 5000, 14.14, [N/A], 45.00, 0x0000000000000001, Active, Not Active, Not Active, Not Active, Not Active
2026/09/23 14:57:56.238, NVIDIA GeForce RTX 3050 6GB Laptop GPU, P3, 51, 98, 4, 95, 5000, 13.93, [N/A], 45.00, 0x0000000000000001, Active, Not Active, Not Active, Not Active, Not Active
2026/09/23 14:57:56.497, NVIDIA GeForce RTX 3050 6GB Laptop GPU, P0, 50, 0, 0, 247, 5500, 13.42, [N/A], 45.00, 0x0000000000000001, Active, Not Active, Not Active, Not Active, Not Active
2026/09/23 14:57:56.755, NVIDIA GeForce RTX 3050 6GB Laptop GPU, P0, 50, 0, 0, 247, 5500, 12.95, [N/A], 45.00, 0x0000000000000001, Active, Not Active, Not Active, Not Active, Not Active
2026/09/23 14:57:57.009, NVIDIA GeForce RTX 3050 6GB Laptop GPU, P0, 51, 0, 0, 247, 5500, 12.62, [N/A], 45.00, 0x0000000000000001, Active, Not Active, Not Active, Not Active, Not Active
2026/09/23 14:57:57.267, NVIDIA GeForce RTX 3050 6GB Laptop GPU, P0, 51, 26, 5, 247, 5500, 12.89, [N/A], 45.00, 0x0000000000000001, Active, Not Active, Not Active, Not Active, Not Active
2026/09/23 14:57:57.525, NVIDIA GeForce RTX 3050 6GB Laptop GPU, P0, 51, 26, 5, 247, 5500, 13.51, [N/A], 45.00, 0x0000000000000001, Active, Not Active, Not Active, Not Active, Not Active
2026/09/23 14:57:57.780, NVIDIA GeForce RTX 3050 6GB Laptop GPU, P3, 51, 26, 5, 112, 5000, 14.11, [N/A], 45.00, 0x0000000000000001, Active, Not Active, Not Active, Not Active, Not Active
2026/09/23 14:57:58.039, NVIDIA GeForce RTX 3050 6GB Laptop GPU, P3, 51, 26, 5, 112, 5000, 14.59, [N/A], 45.00, 0x0000000000000001, Active, Not Active, Not Active, Not Active, Not Active
2026/09/23 14:57:58.296, NVIDIA GeForce RTX 3050 6GB Laptop GPU, P3, 51, 72, 12, 110, 5000, 15.08, [N/A], 45.00, 0x0000000000000001, Active, Not Active, Not Active, Not Active, Not Active
2026/09/23 14:57:58.551, NVIDIA GeForce RTX 3050 6GB Laptop GPU, P3, 51, 72, 12, 110, 5000, 15.33, [N/A], 45.00, 0x0000000000000001, Active, Not Active, Not Active, Not Active, Not Active
2026/09/23 14:57:58.807, NVIDIA GeForce RTX 3050 6GB Laptop GPU, P3, 51, 72, 12, 108, 5000, 15.60, [N/A], 45.00, 0x0000000000000001, Active, Not Active, Not Active, Not Active, Not Active
2026/09/23 14:57:59.061, NVIDIA GeForce RTX 3050 6GB Laptop GPU, P3, 51, 72, 12, 108, 5000, 15.50, [N/A], 45.00, 0x0000000000000001, Active, Not Active, Not Active, Not Active, Not Active
2026/09/23 14:57:59.318, NVIDIA GeForce RTX 3050 6GB Laptop GPU, P3, 51, 62, 10, 95, 5000, 15.16, [N/A], 45.00, 0x0000000000000001, Active, Not Active, Not Active, Not Active, Not Active
2026/09/23 14:57:59.573, NVIDIA GeForce RTX 3050 6GB Laptop GPU, P3, 51, 62, 10, 95, 5000, 14.75, [N/A], 45.00, 0x0000000000000001, Active, Not Active, Not Active, Not Active, Not Active
2026/09/23 14:57:59.828, NVIDIA GeForce RTX 3050 6GB Laptop GPU, P0, 51, 62, 10, 247, 5500, 14.07, [N/A], 45.00, 0x0000000000000001, Active, Not Active, Not Active, Not Active, Not Active
2026/09/23 14:58:00.086, NVIDIA GeForce RTX 3050 6GB Laptop GPU, P0, 51, 62, 10, 247, 5500, 14.11, [N/A], 45.00, 0x0000000000000001, Active, Not Active, Not Active, Not Active, Not Active
2026/09/23 14:58:00.343, NVIDIA GeForce RTX 3050 6GB Laptop GPU, P3, 51, 73, 5, 52, 5000, 13.57, [N/A], 45.00, 0x0000000000000001, Active, Not Active, Not Active, Not Active, Not Active
2026/09/23 14:58:00.599, NVIDIA GeForce RTX 3050 6GB Laptop GPU, P3, 51, 73, 5, 52, 5000, 13.91, [N/A], 45.00, 0x0000000000000001, Active, Not Active, Not Active, Not Active, Not Active
2026/09/23 14:58:00.855, NVIDIA GeForce RTX 3050 6GB Laptop GPU, P0, 51, 73, 5, 247, 5500, 14.12, [N/A], 45.00, 0x0000000000000001, Active, Not Active, Not Active, Not Active, Not Active
2026/09/23 14:58:01.109, NVIDIA GeForce RTX 3050 6GB Laptop GPU, P0, 51, 73, 5, 247, 5500, 13.89, [N/A], 45.00, 0x0000000000000001, Active, Not Active, Not Active, Not Active, Not Active
2026/09/23 14:58:01.367, NVIDIA GeForce RTX 3050 6GB Laptop GPU, P3, 51, 72, 5, 52, 5000, 13.87, [N/A], 45.00, 0x0000000000000001, Active, Not Active, Not Active, Not Active, Not Active
2026/09/23 14:58:01.623, NVIDIA GeForce RTX 3050 6GB Laptop GPU, P3, 51, 72, 5, 52, 5000, 13.97, [N/A], 45.00, 0x0000000000000001, Active, Not Active, Not Active, Not Active, Not Active
2026/09/23 14:58:01.880, NVIDIA GeForce RTX 3050 6GB Laptop GPU, P0, 51, 72, 5, 247, 5500, 14.19, [N/A], 45.00, 0x0000000000000001, Active, Not Active, Not Active, Not Active, Not Active
2026/09/23 14:58:02.136, NVIDIA GeForce RTX 3050 6GB Laptop GPU, P0, 51, 72, 5, 247, 5500, 14.06, [N/A], 45.00, 0x0000000000000001, Active, Not Active, Not Active, Not Active, Not Active
2026/09/23 14:58:02.391, NVIDIA GeForce RTX 3050 6GB Laptop GPU, P0, 51, 96, 35, 247, 5500, 14.39, [N/A], 45.00, 0x0000000000000001, Active, Not Active, Not Active, Not Active, Not Active
2026/09/23 14:58:02.648, NVIDIA GeForce RTX 3050 6GB Laptop GPU, P0, 51, 96, 35, 247, 5500, 14.22, [N/A], 45.00, 0x0000000000000001, Active, Not Active, Not Active, Not Active, Not Active
2026/09/23 14:58:02.903, NVIDIA GeForce RTX 3050 6GB Laptop GPU, P0, 51, 96, 35, 247, 5500, 13.99, [N/A], 45.00, 0x0000000000000001, Active, Not Active, Not Active, Not Active, Not Active
2026/09/23 14:58:03.160, NVIDIA GeForce RTX 3050 6GB Laptop GPU, P0, 51, 96, 35, 247, 5500, 13.36, [N/A], 45.00, 0x0000000000000001, Active, Not Active, Not Active, Not Active, Not Active
2026/09/23 14:58:03.422, NVIDIA GeForce RTX 3050 6GB Laptop GPU, P0, 51, 0, 0, 247, 5500, 12.77, [N/A], 45.00, 0x0000000000000001, Active, Not Active, Not Active, Not Active, Not Active
2026/09/23 14:58:03.678, NVIDIA GeForce RTX 3050 6GB Laptop GPU, P0, 51, 0, 0, 247, 5500, 12.69, [N/A], 45.00, 0x0000000000000001, Active, Not Active, Not Active, Not Active, Not Active
2026/09/23 14:58:03.935, NVIDIA GeForce RTX 3050 6GB Laptop GPU, P0, 51, 0, 0, 247, 5500, 13.16, [N/A], 45.00, 0x0000000000000001, Active, Not Active, Not Active, Not Active, Not Active
2026/09/23 14:58:04.193, NVIDIA GeForce RTX 3050 6GB Laptop GPU, P0, 51, 0, 0, 247, 5500, 13.51, [N/A], 45.00, 0x0000000000000001, Active, Not Active, Not Active, Not Active, Not Active
2026/09/23 14:58:04.450, NVIDIA GeForce RTX 3050 6GB Laptop GPU, P0, 51, 90, 7, 247, 5500, 14.41, [N/A], 45.00, 0x0000000000000001, Active, Not Active, Not Active, Not Active, Not Active
2026/09/23 14:58:04.707, NVIDIA GeForce RTX 3050 6GB Laptop GPU, P0, 51, 90, 7, 247, 5500, 14.86, [N/A], 45.00, 0x0000000000000001, Active, Not Active, Not Active, Not Active, Not Active
2026/09/23 14:58:04.960, NVIDIA GeForce RTX 3050 6GB Laptop GPU, P3, 51, 90, 7, 106, 5000, 15.19, [N/A], 45.00, 0x0000000000000001, Active, Not Active, Not Active, Not Active, Not Active
2026/09/23 14:58:05.218, NVIDIA GeForce RTX 3050 6GB Laptop GPU, P3, 51, 90, 7, 106, 5000, 15.30, [N/A], 45.00, 0x0000000000000001, Active, Not Active, Not Active, Not Active, Not Active
2026/09/23 14:58:05.472, NVIDIA GeForce RTX 3050 6GB Laptop GPU, P3, 51, 68, 11, 105, 5000, 15.09, [N/A], 45.00, 0x0000000000000001, Active, Not Active, Not Active, Not Active, Not Active
2026/09/23 14:58:05.729, NVIDIA GeForce RTX 3050 6GB Laptop GPU, P3, 51, 68, 11, 105, 5000, 15.08, [N/A], 45.00, 0x0000000000000001, Active, Not Active, Not Active, Not Active, Not Active
2026/09/23 14:58:05.991, NVIDIA GeForce RTX 3050 6GB Laptop GPU, P0, 51, 68, 11, 247, 5500, 14.96, [N/A], 45.00, 0x0000000000000001, Active, Not Active, Not Active, Not Active, Not Active
2026/09/23 14:58:06.249, NVIDIA GeForce RTX 3050 6GB Laptop GPU, P0, 51, 68, 11, 247, 5500, 14.62, [N/A], 45.00, 0x0000000000000001, Active, Not Active, Not Active, Not Active, Not Active
2026/09/23 14:58:06.505, NVIDIA GeForce RTX 3050 6GB Laptop GPU, P0, 51, 88, 4, 247, 5500, 14.64, [N/A], 45.00, 0x0000000000000001, Active, Not Active, Not Active, Not Active, Not Active
2026/09/23 14:58:06.762, NVIDIA GeForce RTX 3050 6GB Laptop GPU, P0, 51, 88, 4, 247, 5500, 14.16, [N/A], 45.00, 0x0000000000000001, Active, Not Active, Not Active, Not Active, Not Active
2026/09/23 14:58:07.017, NVIDIA GeForce RTX 3050 6GB Laptop GPU, P0, 51, 88, 4, 247, 5500, 14.18, [N/A], 45.00, 0x0000000000000001, Active, Not Active, Not Active, Not Active, Not Active
2026/09/23 14:58:07.273, NVIDIA GeForce RTX 3050 6GB Laptop GPU, P3, 51, 75, 5, 52, 5000, 14.14, [N/A], 45.00, 0x0000000000000001, Active, Not Active, Not Active, Not Active, Not Active
2026/09/23 14:58:07.531, NVIDIA GeForce RTX 3050 6GB Laptop GPU, P3, 51, 75, 5, 52, 5000, 14.08, [N/A], 45.00, 0x0000000000000001, Active, Not Active, Not Active, Not Active, Not Active
2026/09/23 14:58:07.786, NVIDIA GeForce RTX 3050 6GB Laptop GPU, P0, 51, 75, 5, 247, 5500, 14.12, [N/A], 45.00, 0x0000000000000001, Active, Not Active, Not Active, Not Active, Not Active
2026/09/23 14:58:08.038, NVIDIA GeForce RTX 3050 6GB Laptop GPU, P0, 51, 75, 5, 247, 5500, 14.13, [N/A], 45.00, 0x0000000000000001, Active, Not Active, Not Active, Not Active, Not Active
2026/09/23 14:58:08.294, NVIDIA GeForce RTX 3050 6GB Laptop GPU, P0, 51, 78, 4, 247, 5500, 14.25, [N/A], 45.00, 0x0000000000000001, Active, Not Active, Not Active, Not Active, Not Active
2026/09/23 14:58:08.551, NVIDIA GeForce RTX 3050 6GB Laptop GPU, P0, 51, 78, 4, 247, 5500, 14.48, [N/A], 45.00, 0x0000000000000001, Active, Not Active, Not Active, Not Active, Not Active
2026/09/23 14:58:08.812, NVIDIA GeForce RTX 3050 6GB Laptop GPU, P3, 51, 78, 4, 82, 5000, 14.59, [N/A], 45.00, 0x0000000000000001, Active, Not Active, Not Active, Not Active, Not Active
2026/09/23 14:58:09.074, NVIDIA GeForce RTX 3050 6GB Laptop GPU, P3, 51, 78, 4, 82, 5000, 14.36, [N/A], 45.00, 0x0000000000000001, Active, Not Active, Not Active, Not Active, Not Active
2026/09/23 14:58:09.331, NVIDIA GeForce RTX 3050 6GB Laptop GPU, P0, 51, 19, 2, 247, 5500, 13.91, [N/A], 45.00, 0x0000000000000001, Active, Not Active, Not Active, Not Active, Not Active
2026/09/23 14:58:09.589, NVIDIA GeForce RTX 3050 6GB Laptop GPU, P0, 51, 19, 2, 247, 5500, 13.43, [N/A], 45.00, 0x0000000000000001, Active, Not Active, Not Active, Not Active, Not Active
2026/09/23 14:58:09.845, NVIDIA GeForce RTX 3050 6GB Laptop GPU, P0, 51, 19, 2, 247, 5500, 12.76, [N/A], 45.00, 0x0000000000000001, Active, Not Active, Not Active, Not Active, Not Active
2026/09/23 14:58:10.101, NVIDIA GeForce RTX 3050 6GB Laptop GPU, P0, 51, 19, 2, 247, 5500, 12.69, [N/A], 45.00, 0x0000000000000001, Active, Not Active, Not Active, Not Active, Not Active
2026/09/23 14:58:10.358, NVIDIA GeForce RTX 3050 6GB Laptop GPU, P0, 51, 5, 1, 247, 5500, 13.18, [N/A], 45.00, 0x0000000000000001, Active, Not Active, Not Active, Not Active, Not Active
2026/09/23 14:58:10.613, NVIDIA GeForce RTX 3050 6GB Laptop GPU, P0, 51, 5, 1, 247, 5500, 13.50, [N/A], 45.00, 0x0000000000000001, Active, Not Active, Not Active, Not Active, Not Active
2026/09/23 14:58:10.874, NVIDIA GeForce RTX 3050 6GB Laptop GPU, P3, 51, 5, 1, 110, 5000, 14.32, [N/A], 45.00, 0x0000000000000001, Active, Not Active, Not Active, Not Active, Not Active
2026/09/23 14:58:11.129, NVIDIA GeForce RTX 3050 6GB Laptop GPU, P3, 51, 5, 1, 110, 5000, 15.49, [N/A], 45.00, 0x0000000000000001, Active, Not Active, Not Active, Not Active, Not Active
2026/09/23 14:58:11.390, NVIDIA GeForce RTX 3050 6GB Laptop GPU, P3, 51, 75, 13, 116, 5000, 15.11, [N/A], 45.00, 0x0000000000000001, Active, Not Active, Not Active, Not Active, Not Active
2026/09/23 14:58:11.646, NVIDIA GeForce RTX 3050 6GB Laptop GPU, P3, 51, 75, 13, 116, 5000, 15.39, [N/A], 45.00, 0x0000000000000001, Active, Not Active, Not Active, Not Active, Not Active
2026/09/23 14:58:11.905, NVIDIA GeForce RTX 3050 6GB Laptop GPU, P0, 51, 75, 13, 247, 5500, 15.12, [N/A], 45.00, 0x0000000000000001, Active, Not Active, Not Active, Not Active, Not Active
2026/09/23 14:58:12.160, NVIDIA GeForce RTX 3050 6GB Laptop GPU, P0, 51, 75, 13, 247, 5500, 14.73, [N/A], 45.00, 0x0000000000000001, Active, Not Active, Not Active, Not Active, Not Active
2026/09/23 14:58:12.413, NVIDIA GeForce RTX 3050 6GB Laptop GPU, P0, 51, 89, 5, 247, 5500, 14.74, [N/A], 45.00, 0x0000000000000001, Active, Not Active, Not Active, Not Active, Not Active
2026/09/23 14:58:12.665, NVIDIA GeForce RTX 3050 6GB Laptop GPU, P0, 51, 89, 5, 247, 5500, 14.15, [N/A], 45.00, 0x0000000000000001, Active, Not Active, Not Active, Not Active, Not Active
2026/09/23 14:58:12.916, NVIDIA GeForce RTX 3050 6GB Laptop GPU, P0, 51, 89, 5, 247, 5500, 14.10, [N/A], 45.00, 0x0000000000000001, Active, Not Active, Not Active, Not Active, Not Active
2026/09/23 14:58:13.173, NVIDIA GeForce RTX 3050 6GB Laptop GPU, P0, 51, 89, 5, 247, 5500, 14.02, [N/A], 45.00, 0x0000000000000001, Active, Not Active, Not Active, Not Active, Not Active
2026/09/23 14:58:13.425, NVIDIA GeForce RTX 3050 6GB Laptop GPU, P3, 51, 73, 3, 52, 5000, 13.77, [N/A], 45.00, 0x0000000000000001, Active, Not Active, Not Active, Not Active, Not Active
2026/09/23 14:58:13.685, NVIDIA GeForce RTX 3050 6GB Laptop GPU, P3, 51, 73, 3, 52, 5000, 13.89, [N/A], 45.00, 0x0000000000000001, Active, Not Active, Not Active, Not Active, Not Active
2026/09/23 14:58:13.945, NVIDIA GeForce RTX 3050 6GB Laptop GPU, P0, 51, 73, 3, 247, 5500, 14.05, [N/A], 45.00, 0x0000000000000001, Active, Not Active, Not Active, Not Active, Not Active
2026/09/23 14:58:14.197, NVIDIA GeForce RTX 3050 6GB Laptop GPU, P0, 51, 73, 3, 247, 5500, 13.82, [N/A], 45.00, 0x0000000000000001, Active, Not Active, Not Active, Not Active, Not Active
2026/09/23 14:58:14.453, NVIDIA GeForce RTX 3050 6GB Laptop GPU, P0, 51, 78, 3, 247, 5500, 14.24, [N/A], 45.00, 0x0000000000000001, Active, Not Active, Not Active, Not Active, Not Active
2026/09/23 14:58:14.708, NVIDIA GeForce RTX 3050 6GB Laptop GPU, P0, 51, 78, 3, 247, 5500, 14.31, [N/A], 45.00, 0x0000000000000001, Active, Not Active, Not Active, Not Active, Not Active
2026/09/23 14:58:14.967, NVIDIA GeForce RTX 3050 6GB Laptop GPU, P3, 51, 78, 3, 80, 5000, 14.28, [N/A], 45.00, 0x0000000000000001, Active, Not Active, Not Active, Not Active, Not Active
2026/09/23 14:58:15.221, NVIDIA GeForce RTX 3050 6GB Laptop GPU, P3, 51, 78, 3, 80, 5000, 14.71, [N/A], 45.00, 0x0000000000000001, Active, Not Active, Not Active, Not Active, Not Active
2026/09/23 14:58:15.477, NVIDIA GeForce RTX 3050 6GB Laptop GPU, P3, 51, 64, 10, 99, 5000, 14.54, [N/A], 45.00, 0x0000000000000001, Active, Not Active, Not Active, Not Active, Not Active
2026/09/23 14:58:15.732, NVIDIA GeForce RTX 3050 6GB Laptop GPU, P3, 51, 64, 10, 99, 5000, 14.28, [N/A], 45.00, 0x0000000000000001, Active, Not Active, Not Active, Not Active, Not Active
2026/09/23 14:58:15.988, NVIDIA GeForce RTX 3050 6GB Laptop GPU, P3, 51, 64, 10, 84, 5000, 13.81, [N/A], 45.00, 0x0000000000000001, Active, Not Active, Not Active, Not Active, Not Active
2026/09/23 14:58:16.247, NVIDIA GeForce RTX 3050 6GB Laptop GPU, P3, 51, 64, 10, 84, 5000, 12.91, [N/A], 45.00, 0x0000000000000001, Active, Not Active, Not Active, Not Active, Not Active
2026/09/23 14:58:16.508, NVIDIA GeForce RTX 3050 6GB Laptop GPU, P5, 51, 0, 0, 84, 810, 12.45, [N/A], 45.00, 0x0000000000000001, Active, Not Active, Not Active, Not Active, Not Active
2026/09/23 14:58:16.764, NVIDIA GeForce RTX 3050 6GB Laptop GPU, P5, 51, 0, 0, 84, 810, 11.55, [N/A], 45.00, 0x0000000000000001, Active, Not Active, Not Active, Not Active, Not Active
2026/09/23 14:58:17.020, NVIDIA GeForce RTX 3050 6GB Laptop GPU, P5, 51, 0, 0, 84, 810, 12.21, [N/A], 45.00, 0x0000000000000001, Active, Not Active, Not Active, Not Active, Not Active
2026/09/23 14:58:17.276, NVIDIA GeForce RTX 3050 6GB Laptop GPU, P5, 51, 67, 11, 103, 810, 12.78, [N/A], 45.00, 0x0000000000000001, Active, Not Active, Not Active, Not Active, Not Active
2026/09/23 14:58:17.532, NVIDIA GeForce RTX 3050 6GB Laptop GPU, P5, 51, 67, 11, 103, 810, 13.81, [N/A], 45.00, 0x0000000000000001, Active, Not Active, Not Active, Not Active, Not Active
2026/09/23 14:58:17.787, NVIDIA GeForce RTX 3050 6GB Laptop GPU, P0, 51, 67, 11, 247, 5500, 14.69, [N/A], 45.00, 0x0000000000000001, Active, Not Active, Not Active, Not Active, Not Active
2026/09/23 14:58:18.040, NVIDIA GeForce RTX 3050 6GB Laptop GPU, P0, 51, 67, 11, 247, 5500, 15.17, [N/A], 45.00, 0x0000000000000001, Active, Not Active, Not Active, Not Active, Not Active
2026/09/23 14:58:18.295, NVIDIA GeForce RTX 3050 6GB Laptop GPU, P0, 51, 86, 6, 247, 5500, 14.96, [N/A], 45.00, 0x0000000000000001, Active, Not Active, Not Active, Not Active, Not Active
2026/09/23 14:58:18.552, NVIDIA GeForce RTX 3050 6GB Laptop GPU, P0, 51, 86, 6, 247, 5500, 15.14, [N/A], 45.00, 0x0000000000000001, Active, Not Active, Not Active, Not Active, Not Active
2026/09/23 14:58:18.809, NVIDIA GeForce RTX 3050 6GB Laptop GPU, P3, 51, 86, 6, 101, 5000, 15.23, [N/A], 45.00, 0x0000000000000001, Active, Not Active, Not Active, Not Active, Not Active
2026/09/23 14:58:19.060, NVIDIA GeForce RTX 3050 6GB Laptop GPU, P3, 51, 86, 6, 101, 5000, 14.94, [N/A], 45.00, 0x0000000000000001, Active, Not Active, Not Active, Not Active, Not Active
2026/09/23 14:58:19.318, NVIDIA GeForce RTX 3050 6GB Laptop GPU, P3, 51, 54, 10, 82, 5000, 14.80, [N/A], 45.00, 0x0000000000000001, Active, Not Active, Not Active, Not Active, Not Active
2026/09/23 14:58:19.575, NVIDIA GeForce RTX 3050 6GB Laptop GPU, P3, 51, 54, 10, 82, 5000, 14.69, [N/A], 45.00, 0x0000000000000001, Active, Not Active, Not Active, Not Active, Not Active
2026/09/23 14:58:19.832, NVIDIA GeForce RTX 3050 6GB Laptop GPU, P0, 51, 54, 10, 247, 5500, 14.39, [N/A], 45.00, 0x0000000000000001, Active, Not Active, Not Active, Not Active, Not Active
2026/09/23 14:58:20.091, NVIDIA GeForce RTX 3050 6GB Laptop GPU, P0, 51, 54, 10, 247, 5500, 14.47, [N/A], 45.00, 0x0000000000000001, Active, Not Active, Not Active, Not Active, Not Active
2026/09/23 14:58:20.347, NVIDIA GeForce RTX 3050 6GB Laptop GPU, P0, 51, 77, 3, 247, 5500, 14.52, [N/A], 45.00, 0x0000000000000001, Active, Not Active, Not Active, Not Active, Not Active
2026/09/23 14:58:20.605, NVIDIA GeForce RTX 3050 6GB Laptop GPU, P0, 51, 77, 3, 247, 5500, 14.44, [N/A], 45.00, 0x0000000000000001, Active, Not Active, Not Active, Not Active, Not Active
2026/09/23 14:58:20.861, NVIDIA GeForce RTX 3050 6GB Laptop GPU, P0, 51, 77, 3, 247, 5500, 14.21, [N/A], 45.00, 0x0000000000000001, Active, Not Active, Not Active, Not Active, Not Active
2026/09/23 14:58:21.122, NVIDIA GeForce RTX 3050 6GB Laptop GPU, P0, 51, 77, 3, 247, 5500, 14.19, [N/A], 45.00, 0x0000000000000001, Active, Not Active, Not Active, Not Active, Not Active
2026/09/23 14:58:21.379, NVIDIA GeForce RTX 3050 6GB Laptop GPU, P0, 51, 82, 6, 247, 5500, 14.38, [N/A], 45.00, 0x0000000000000001, Active, Not Active, Not Active, Not Active, Not Active
2026/09/23 14:58:21.636, NVIDIA GeForce RTX 3050 6GB Laptop GPU, P0, 51, 82, 6, 247, 5500, 14.26, [N/A], 45.00, 0x0000000000000001, Active, Not Active, Not Active, Not Active, Not Active
2026/09/23 14:58:21.893, NVIDIA GeForce RTX 3050 6GB Laptop GPU, P3, 51, 82, 6, 82, 5000, 14.57, [N/A], 45.00, 0x0000000000000001, Active, Not Active, Not Active, Not Active, Not Active
2026/09/23 14:58:22.149, NVIDIA GeForce RTX 3050 6GB Laptop GPU, P3, 51, 82, 6, 82, 5000, 14.38, [N/A], 45.00, 0x0000000000000001, Active, Not Active, Not Active, Not Active, Not Active
2026/09/23 14:58:22.406, NVIDIA GeForce RTX 3050 6GB Laptop GPU, P0, 51, 37, 6, 247, 5500, 14.03, [N/A], 45.00, 0x0000000000000001, Active, Not Active, Not Active, Not Active, Not Active
2026/09/23 14:58:22.663, NVIDIA GeForce RTX 3050 6GB Laptop GPU, P0, 51, 37, 6, 247, 5500, 13.49, [N/A], 45.00, 0x0000000000000001, Active, Not Active, Not Active, Not Active, Not Active
2026/09/23 14:58:22.927, NVIDIA GeForce RTX 3050 6GB Laptop GPU, P0, 51, 37, 6, 247, 5500, 12.84, [N/A], 45.00, 0x0000000000000001, Active, Not Active, Not Active, Not Active, Not Active
2026/09/23 14:58:23.183, NVIDIA GeForce RTX 3050 6GB Laptop GPU, P0, 51, 37, 6, 247, 5500, 12.39, [N/A], 45.00, 0x0000000000000001, Active, Not Active, Not Active, Not Active, Not Active
2026/09/23 14:58:23.438, NVIDIA GeForce RTX 3050 6GB Laptop GPU, P0, 51, 0, 0, 247, 5500, 13.05, [N/A], 45.00, 0x0000000000000001, Active, Not Active, Not Active, Not Active, Not Active
2026/09/23 14:58:23.690, NVIDIA GeForce RTX 3050 6GB Laptop GPU, P0, 51, 0, 0, 247, 5500, 13.44, [N/A], 45.00, 0x0000000000000001, Active, Not Active, Not Active, Not Active, Not Active
2026/09/23 14:58:23.945, NVIDIA GeForce RTX 3050 6GB Laptop GPU, P5, 51, 0, 0, 108, 810, 13.99, [N/A], 45.00, 0x0000000000000001, Active, Not Active, Not Active, Not Active, Not Active
2026/09/23 14:58:24.198, NVIDIA GeForce RTX 3050 6GB Laptop GPU, P5, 51, 0, 0, 108, 810, 14.58, [N/A], 45.00, 0x0000000000000001, Active, Not Active, Not Active, Not Active, Not Active
2026/09/23 14:58:24.458, NVIDIA GeForce RTX 3050 6GB Laptop GPU, P3, 51, 60, 10, 91, 5000, 14.65, [N/A], 45.00, 0x0000000000000001, Active, Not Active, Not Active, Not Active, Not Active
2026/09/23 14:58:24.712, NVIDIA GeForce RTX 3050 6GB Laptop GPU, P3, 51, 60, 10, 91, 5000, 14.77, [N/A], 45.00, 0x0000000000000001, Active, Not Active, Not Active, Not Active, Not Active
2026/09/23 14:58:24.966, NVIDIA GeForce RTX 3050 6GB Laptop GPU, P0, 51, 60, 10, 247, 5500, 14.99, [N/A], 45.00, 0x0000000000000001, Active, Not Active, Not Active, Not Active, Not Active
2026/09/23 14:58:25.220, NVIDIA GeForce RTX 3050 6GB Laptop GPU, P0, 51, 60, 10, 247, 5500, 14.96, [N/A], 45.00, 0x0000000000000001, Active, Not Active, Not Active, Not Active, Not Active
2026/09/23 14:58:25.475, NVIDIA GeForce RTX 3050 6GB Laptop GPU, P0, 51, 90, 7, 247, 5500, 15.10, [N/A], 45.00, 0x0000000000000001, Active, Not Active, Not Active, Not Active, Not Active
2026/09/23 14:58:25.732, NVIDIA GeForce RTX 3050 6GB Laptop GPU, P0, 51, 90, 7, 247, 5500, 14.85, [N/A], 45.00, 0x0000000000000001, Active, Not Active, Not Active, Not Active, Not Active
2026/09/23 14:58:25.988, NVIDIA GeForce RTX 3050 6GB Laptop GPU, P3, 51, 90, 7, 67, 5000, 14.56, [N/A], 45.00, 0x0000000000000001, Active, Not Active, Not Active, Not Active, Not Active
2026/09/23 14:58:26.242, NVIDIA GeForce RTX 3050 6GB Laptop GPU, P3, 51, 90, 7, 67, 5000, 14.48, [N/A], 45.00, 0x0000000000000001, Active, Not Active, Not Active, Not Active, Not Active
2026/09/23 14:58:26.498, NVIDIA GeForce RTX 3050 6GB Laptop GPU, P3, 51, 46, 9, 71, 5000, 14.03, [N/A], 45.00, 0x0000000000000001, Active, Not Active, Not Active, Not Active, Not Active
2026/09/23 14:58:26.752, NVIDIA GeForce RTX 3050 6GB Laptop GPU, P3, 51, 46, 9, 71, 5000, 13.98, [N/A], 45.00, 0x0000000000000001, Active, Not Active, Not Active, Not Active, Not Active
2026/09/23 14:58:27.010, NVIDIA GeForce RTX 3050 6GB Laptop GPU, P3, 51, 46, 9, 67, 5000, 14.03, [N/A], 45.00, 0x0000000000000001, Active, Not Active, Not Active, Not Active, Not Active
2026/09/23 14:58:27.265, NVIDIA GeForce RTX 3050 6GB Laptop GPU, P3, 51, 46, 9, 67, 5000, 13.87, [N/A], 45.00, 0x0000000000000001, Active, Not Active, Not Active, Not Active, Not Active
2026/09/23 14:58:27.517, NVIDIA GeForce RTX 3050 6GB Laptop GPU, P3, 51, 40, 6, 61, 5000, 14.06, [N/A], 45.00, 0x0000000000000001, Active, Not Active, Not Active, Not Active, Not Active
2026/09/23 14:58:27.771, NVIDIA GeForce RTX 3050 6GB Laptop GPU, P0, 51, 40, 6, 247, 5500, 14.02, [N/A], 45.00, 0x0000000000000001, Active, Not Active, Not Active, Not Active, Not Active
2026/09/23 14:58:28.027, NVIDIA GeForce RTX 3050 6GB Laptop GPU, P0, 51, 40, 6, 247, 5500, 14.25, [N/A], 45.00, 0x0000000000000001, Active, Not Active, Not Active, Not Active, Not Active
2026/09/23 14:58:28.282, NVIDIA GeForce RTX 3050 6GB Laptop GPU, P0, 51, 83, 5, 247, 5500, 14.21, [N/A], 45.00, 0x0000000000000001, Active, Not Active, Not Active, Not Active, Not Active
2026/09/23 14:58:28.538, NVIDIA GeForce RTX 3050 6GB Laptop GPU, P0, 51, 83, 5, 247, 5500, 14.24, [N/A], 45.00, 0x0000000000000001, Active, Not Active, Not Active, Not Active, Not Active
2026/09/23 14:58:28.791, NVIDIA GeForce RTX 3050 6GB Laptop GPU, P3, 51, 83, 5, 78, 5000, 14.44, [N/A], 45.00, 0x0000000000000001, Active, Not Active, Not Active, Not Active, Not Active
2026/09/23 14:58:29.044, NVIDIA GeForce RTX 3050 6GB Laptop GPU, P3, 51, 83, 5, 78, 5000, 13.83, [N/A], 45.00, 0x0000000000000001, Active, Not Active, Not Active, Not Active, Not Active
2026/09/23 14:58:29.302, NVIDIA GeForce RTX 3050 6GB Laptop GPU, P3, 51, 0, 0, 52, 5000, 13.48, [N/A], 45.00, 0x0000000000000001, Active, Not Active, Not Active, Not Active, Not Active
2026/09/23 14:58:29.563, NVIDIA GeForce RTX 3050 6GB Laptop GPU, P3, 51, 0, 0, 52, 5000, 12.69, [N/A], 45.00, 0x0000000000000001, Active, Not Active, Not Active, Not Active, Not Active
2026/09/23 14:58:29.822, NVIDIA GeForce RTX 3050 6GB Laptop GPU, P3, 51, 0, 0, 52, 5000, 11.95, [N/A], 45.00, 0x0000000000000001, Active, Not Active, Not Active, Not Active, Not Active
2026/09/23 14:58:30.080, NVIDIA GeForce RTX 3050 6GB Laptop GPU, P3, 51, 0, 0, 52, 5000, 11.90, [N/A], 45.00, 0x0000000000000001, Active, Not Active, Not Active, Not Active, Not Active
2026/09/23 14:58:30.334, NVIDIA GeForce RTX 3050 6GB Laptop GPU, P0, 51, 82, 27, 247, 5500, 12.74, [N/A], 45.00, 0x0000000000000001, Active, Not Active, Not Active, Not Active, Not Active
2026/09/23 14:58:30.586, NVIDIA GeForce RTX 3050 6GB Laptop GPU, P0, 51, 82, 27, 247, 5500, 13.06, [N/A], 45.00, 0x0000000000000001, Active, Not Active, Not Active, Not Active, Not Active
2026/09/23 14:58:30.840, NVIDIA GeForce RTX 3050 6GB Laptop GPU, P3, 51, 82, 27, 110, 5000, 14.13, [N/A], 45.00, 0x0000000000000001, Active, Not Active, Not Active, Not Active, Not Active
2026/09/23 14:58:31.098, NVIDIA GeForce RTX 3050 6GB Laptop GPU, P3, 51, 82, 27, 110, 5000, 14.82, [N/A], 45.00, 0x0000000000000001, Active, Not Active, Not Active, Not Active, Not Active
2026/09/23 14:58:31.349, NVIDIA GeForce RTX 3050 6GB Laptop GPU, P3, 51, 72, 12, 110, 5000, 15.08, [N/A], 45.00, 0x0000000000000001, Active, Not Active, Not Active, Not Active, Not Active
2026/09/23 14:58:31.602, NVIDIA GeForce RTX 3050 6GB Laptop GPU, P3, 51, 72, 12, 110, 5000, 15.33, [N/A], 45.00, 0x0000000000000001, Active, Not Active, Not Active, Not Active, Not Active
2026/09/23 14:58:31.854, NVIDIA GeForce RTX 3050 6GB Laptop GPU, P0, 51, 72, 12, 247, 5500, 15.18, [N/A], 45.00, 0x0000000000000001, Active, Not Active, Not Active, Not Active, Not Active
2026/09/23 14:58:32.110, NVIDIA GeForce RTX 3050 6GB Laptop GPU, P0, 51, 72, 12, 247, 5500, 15.10, [N/A], 45.00, 0x0000000000000001, Active, Not Active, Not Active, Not Active, Not Active
2026/09/23 14:58:32.361, NVIDIA GeForce RTX 3050 6GB Laptop GPU, P0, 51, 77, 6, 247, 5500, 15.11, [N/A], 45.00, 0x0000000000000001, Active, Not Active, Not Active, Not Active, Not Active
2026/09/23 14:58:32.619, NVIDIA GeForce RTX 3050 6GB Laptop GPU, P0, 51, 77, 6, 247, 5500, 14.73, [N/A], 45.00, 0x0000000000000001, Active, Not Active, Not Active, Not Active, Not Active
2026/09/23 14:58:32.879, NVIDIA GeForce RTX 3050 6GB Laptop GPU, P3, 51, 77, 6, 71, 5000, 14.76, [N/A], 45.00, 0x0000000000000001, Active, Not Active, Not Active, Not Active, Not Active
2026/09/23 14:58:33.132, NVIDIA GeForce RTX 3050 6GB Laptop GPU, P3, 51, 77, 6, 71, 5000, 14.43, [N/A], 45.00, 0x0000000000000001, Active, Not Active, Not Active, Not Active, Not Active
2026/09/23 14:58:33.386, NVIDIA GeForce RTX 3050 6GB Laptop GPU, P3, 51, 45, 8, 69, 5000, 14.19, [N/A], 45.00, 0x0000000000000001, Active, Not Active, Not Active, Not Active, Not Active
2026/09/23 14:58:33.641, NVIDIA GeForce RTX 3050 6GB Laptop GPU, P3, 51, 45, 8, 69, 5000, 14.31, [N/A], 45.00, 0x0000000000000001, Active, Not Active, Not Active, Not Active, Not Active
2026/09/23 14:58:33.897, NVIDIA GeForce RTX 3050 6GB Laptop GPU, P3, 51, 45, 8, 52, 5000, 14.11, [N/A], 45.00, 0x0000000000000001, Active, Not Active, Not Active, Not Active, Not Active
2026/09/23 14:58:34.155, NVIDIA GeForce RTX 3050 6GB Laptop GPU, P3, 51, 45, 8, 52, 5000, 14.26, [N/A], 45.00, 0x0000000000000001, Active, Not Active, Not Active, Not Active, Not Active
2026/09/23 14:58:34.412, NVIDIA GeForce RTX 3050 6GB Laptop GPU, P3, 51, 62, 10, 93, 5000, 14.41, [N/A], 45.00, 0x0000000000000001, Active, Not Active, Not Active, Not Active, Not Active
2026/09/23 14:58:34.668, NVIDIA GeForce RTX 3050 6GB Laptop GPU, P3, 51, 62, 10, 93, 5000, 14.21, [N/A], 45.00, 0x0000000000000001, Active, Not Active, Not Active, Not Active, Not Active
2026/09/23 14:58:34.924, NVIDIA GeForce RTX 3050 6GB Laptop GPU, P0, 51, 62, 10, 247, 5500, 14.58, [N/A], 45.00, 0x0000000000000001, Active, Not Active, Not Active, Not Active, Not Active
2026/09/23 14:58:35.181, NVIDIA GeForce RTX 3050 6GB Laptop GPU, P0, 51, 62, 10, 247, 5500, 14.51, [N/A], 45.00, 0x0000000000000001, Active, Not Active, Not Active, Not Active, Not Active
2026/09/23 14:58:35.437, NVIDIA GeForce RTX 3050 6GB Laptop GPU, P0, 51, 86, 6, 247, 5500, 14.30, [N/A], 45.00, 0x0000000000000001, Active, Not Active, Not Active, Not Active, Not Active
2026/09/23 14:58:35.694, NVIDIA GeForce RTX 3050 6GB Laptop GPU, P0, 51, 86, 6, 247, 5500, 13.76, [N/A], 45.00, 0x0000000000000001, Active, Not Active, Not Active, Not Active, Not Active
2026/09/23 14:58:35.947, NVIDIA GeForce RTX 3050 6GB Laptop GPU, P0, 51, 86, 6, 247, 5500, 13.30, [N/A], 45.00, 0x0000000000000001, Active, Not Active, Not Active, Not Active, Not Active
2026/09/23 14:58:36.204, NVIDIA GeForce RTX 3050 6GB Laptop GPU, P0, 51, 86, 6, 247, 5500, 12.82, [N/A], 45.00, 0x0000000000000001, Active, Not Active, Not Active, Not Active, Not Active
2026/09/23 14:58:36.461, NVIDIA GeForce RTX 3050 6GB Laptop GPU, P0, 51, 0, 0, 247, 5500, 12.68, [N/A], 45.00, 0x0000000000000001, Active, Not Active, Not Active, Not Active, Not Active
2026/09/23 14:58:36.722, NVIDIA GeForce RTX 3050 6GB Laptop GPU, P0, 51, 0, 0, 247, 5500, 13.15, [N/A], 45.00, 0x0000000000000001, Active, Not Active, Not Active, Not Active, Not Active
2026/09/23 14:58:36.977, NVIDIA GeForce RTX 3050 6GB Laptop GPU, P5, 51, 0, 0, 52, 810, 13.31, [N/A], 45.00, 0x0000000000000001, Active, Not Active, Not Active, Not Active, Not Active
2026/09/23 14:58:37.229, NVIDIA GeForce RTX 3050 6GB Laptop GPU, P5, 51, 0, 0, 52, 810, 14.02, [N/A], 45.00, 0x0000000000000001, Active, Not Active, Not Active, Not Active, Not Active
2026/09/23 14:58:37.481, NVIDIA GeForce RTX 3050 6GB Laptop GPU, P3, 51, 72, 11, 108, 5000, 14.64, [N/A], 45.00, 0x0000000000000001, Active, Not Active, Not Active, Not Active, Not Active
2026/09/23 14:58:37.736, NVIDIA GeForce RTX 3050 6GB Laptop GPU, P3, 51, 72, 11, 108, 5000, 14.49, [N/A], 45.00, 0x0000000000000001, Active, Not Active, Not Active, Not Active, Not Active
2026/09/23 14:58:37.988, NVIDIA GeForce RTX 3050 6GB Laptop GPU, P0, 51, 72, 11, 247, 5500, 15.18, [N/A], 45.00, 0x0000000000000001, Active, Not Active, Not Active, Not Active, Not Active
2026/09/23 14:58:38.241, NVIDIA GeForce RTX 3050 6GB Laptop GPU, P0, 51, 72, 11, 247, 5500, 15.10, [N/A], 45.00, 0x0000000000000001, Active, Not Active, Not Active, Not Active, Not Active
2026/09/23 14:58:38.495, NVIDIA GeForce RTX 3050 6GB Laptop GPU, P0, 51, 92, 9, 247, 5500, 15.28, [N/A], 45.00, 0x0000000000000001, Active, Not Active, Not Active, Not Active, Not Active
2026/09/23 14:58:38.748, NVIDIA GeForce RTX 3050 6GB Laptop GPU, P0, 51, 92, 9, 247, 5500, 15.04, [N/A], 45.00, 0x0000000000000001, Active, Not Active, Not Active, Not Active, Not Active
2026/09/23 14:58:39.008, NVIDIA GeForce RTX 3050 6GB Laptop GPU, P3, 51, 92, 9, 84, 5000, 14.73, [N/A], 45.00, 0x0000000000000001, Active, Not Active, Not Active, Not Active, Not Active
2026/09/23 14:58:39.263, NVIDIA GeForce RTX 3050 6GB Laptop GPU, P3, 51, 92, 9, 84, 5000, 14.74, [N/A], 45.00, 0x0000000000000001, Active, Not Active, Not Active, Not Active, Not Active
2026/09/23 14:58:39.518, NVIDIA GeForce RTX 3050 6GB Laptop GPU, P3, 51, 51, 9, 78, 5000, 14.16, [N/A], 45.00, 0x0000000000000001, Active, Not Active, Not Active, Not Active, Not Active
2026/09/23 14:58:39.784, NVIDIA GeForce RTX 3050 6GB Laptop GPU, P3, 51, 51, 9, 61, 5000, 14.19, [N/A], 45.00, 0x0000000000000001, Active, Not Active, Not Active, Not Active, Not Active
2026/09/23 14:58:40.039, NVIDIA GeForce RTX 3050 6GB Laptop GPU, P3, 51, 51, 9, 61, 5000, 14.08, [N/A], 45.00, 0x0000000000000001, Active, Not Active, Not Active, Not Active, Not Active
2026/09/23 14:58:40.295, NVIDIA GeForce RTX 3050 6GB Laptop GPU, P3, 51, 42, 6, 65, 5000, 13.87, [N/A], 45.00, 0x0000000000000001, Active, Not Active, Not Active, Not Active, Not Active
2026/09/23 14:58:40.549, NVIDIA GeForce RTX 3050 6GB Laptop GPU, P3, 51, 42, 6, 65, 5000, 14.10, [N/A], 45.00, 0x0000000000000001, Active, Not Active, Not Active, Not Active, Not Active
2026/09/23 14:58:40.804, NVIDIA GeForce RTX 3050 6GB Laptop GPU, P0, 51, 42, 6, 247, 5500, 14.01, [N/A], 45.00, 0x0000000000000001, Active, Not Active, Not Active, Not Active, Not Active
2026/09/23 14:58:41.059, NVIDIA GeForce RTX 3050 6GB Laptop GPU, P0, 51, 42, 6, 247, 5500, 14.25, [N/A], 45.00, 0x0000000000000001, Active, Not Active, Not Active, Not Active, Not Active
2026/09/23 14:58:41.312, NVIDIA GeForce RTX 3050 6GB Laptop GPU, P0, 52, 78, 5, 247, 5500, 14.33, [N/A], 45.00, 0x0000000000000001, Active, Not Active, Not Active, Not Active, Not Active
2026/09/23 14:58:41.566, NVIDIA GeForce RTX 3050 6GB Laptop GPU, P0, 52, 78, 5, 247, 5500, 14.32, [N/A], 45.00, 0x0000000000000001, Active, Not Active, Not Active, Not Active, Not Active
2026/09/23 14:58:41.820, NVIDIA GeForce RTX 3050 6GB Laptop GPU, P3, 51, 78, 5, 82, 5000, 14.56, [N/A], 45.00, 0x0000000000000001, Active, Not Active, Not Active, Not Active, Not Active
2026/09/23 14:58:42.077, NVIDIA GeForce RTX 3050 6GB Laptop GPU, P3, 51, 78, 5, 82, 5000, 14.35, [N/A], 45.00, 0x0000000000000001, Active, Not Active, Not Active, Not Active, Not Active
2026/09/23 14:58:42.338, NVIDIA GeForce RTX 3050 6GB Laptop GPU, P0, 51, 20, 2, 247, 5500, 13.94, [N/A], 45.00, 0x0000000000000001, Active, Not Active, Not Active, Not Active, Not Active
2026/09/23 14:58:42.600, NVIDIA GeForce RTX 3050 6GB Laptop GPU, P0, 51, 20, 2, 247, 5500, 13.45, [N/A], 45.00, 0x0000000000000001, Active, Not Active, Not Active, Not Active, Not Active
2026/09/23 14:58:42.858, NVIDIA GeForce RTX 3050 6GB Laptop GPU, P0, 51, 20, 2, 247, 5500, 12.81, [N/A], 45.00, 0x0000000000000001, Active, Not Active, Not Active, Not Active, Not Active
2026/09/23 14:58:43.113, NVIDIA GeForce RTX 3050 6GB Laptop GPU, P0, 51, 20, 2, 247, 5500, 12.43, [N/A], 45.00, 0x0000000000000001, Active, Not Active, Not Active, Not Active, Not Active
2026/09/23 14:58:43.366, NVIDIA GeForce RTX 3050 6GB Laptop GPU, P0, 52, 3, 1, 247, 5500, 13.06, [N/A], 45.00, 0x0000000000000001, Active, Not Active, Not Active, Not Active, Not Active
2026/09/23 14:58:43.626, NVIDIA GeForce RTX 3050 6GB Laptop GPU, P0, 52, 3, 1, 247, 5500, 13.57, [N/A], 45.00, 0x0000000000000001, Active, Not Active, Not Active, Not Active, Not Active
2026/09/23 14:58:43.881, NVIDIA GeForce RTX 3050 6GB Laptop GPU, P3, 51, 3, 1, 101, 5000, 14.09, [N/A], 45.00, 0x0000000000000001, Active, Not Active, Not Active, Not Active, Not Active
2026/09/23 14:58:44.134, NVIDIA GeForce RTX 3050 6GB Laptop GPU, P3, 51, 3, 1, 101, 5000, 15.22, [N/A], 45.00, 0x0000000000000001, Active, Not Active, Not Active, Not Active, Not Active
2026/09/23 14:58:44.387, NVIDIA GeForce RTX 3050 6GB Laptop GPU, P3, 52, 73, 13, 112, 5000, 14.98, [N/A], 45.00, 0x0000000000000001, Active, Not Active, Not Active, Not Active, Not Active
2026/09/23 14:58:44.640, NVIDIA GeForce RTX 3050 6GB Laptop GPU, P3, 52, 73, 13, 112, 5000, 15.27, [N/A], 45.00, 0x0000000000000001, Active, Not Active, Not Active, Not Active, Not Active
2026/09/23 14:58:44.905, NVIDIA GeForce RTX 3050 6GB Laptop GPU, P0, 52, 73, 13, 247, 5500, 15.28, [N/A], 45.00, 0x0000000000000001, Active, Not Active, Not Active, Not Active, Not Active
2026/09/23 14:58:45.167, NVIDIA GeForce RTX 3050 6GB Laptop GPU, P0, 52, 73, 13, 247, 5500, 15.11, [N/A], 45.00, 0x0000000000000001, Active, Not Active, Not Active, Not Active, Not Active
2026/09/23 14:58:45.422, NVIDIA GeForce RTX 3050 6GB Laptop GPU, P0, 51, 75, 6, 247, 5500, 15.00, [N/A], 45.00, 0x0000000000000001, Active, Not Active, Not Active, Not Active, Not Active
2026/09/23 14:58:45.674, NVIDIA GeForce RTX 3050 6GB Laptop GPU, P0, 51, 75, 6, 247, 5500, 14.57, [N/A], 45.00, 0x0000000000000001, Active, Not Active, Not Active, Not Active, Not Active
2026/09/23 14:58:45.934, NVIDIA GeForce RTX 3050 6GB Laptop GPU, P0, 52, 75, 6, 247, 5500, 14.54, [N/A], 45.00, 0x0000000000000001, Active, Not Active, Not Active, Not Active, Not Active
2026/09/23 14:58:46.187, NVIDIA GeForce RTX 3050 6GB Laptop GPU, P0, 52, 75, 6, 247, 5500, 14.22, [N/A], 45.00, 0x0000000000000001, Active, Not Active, Not Active, Not Active, Not Active
2026/09/23 14:58:46.442, NVIDIA GeForce RTX 3050 6GB Laptop GPU, P3, 51, 73, 5, 52, 5000, 13.76, [N/A], 45.00, 0x0000000000000001, Active, Not Active, Not Active, Not Active, Not Active
2026/09/23 14:58:46.695, NVIDIA GeForce RTX 3050 6GB Laptop GPU, P3, 51, 73, 5, 52, 5000, 13.82, [N/A], 45.00, 0x0000000000000001, Active, Not Active, Not Active, Not Active, Not Active
2026/09/23 14:58:46.951, NVIDIA GeForce RTX 3050 6GB Laptop GPU, P3, 51, 73, 5, 75, 5000, 13.86, [N/A], 45.00, 0x0000000000000001, Active, Not Active, Not Active, Not Active, Not Active
2026/09/23 14:58:47.206, NVIDIA GeForce RTX 3050 6GB Laptop GPU, P3, 51, 73, 5, 75, 5000, 13.68, [N/A], 45.00, 0x0000000000000001, Active, Not Active, Not Active, Not Active, Not Active
2026/09/23 14:58:47.461, NVIDIA GeForce RTX 3050 6GB Laptop GPU, P0, 52, 98, 4, 247, 5500, 13.86, [N/A], 45.00, 0x0000000000000001, Active, Not Active, Not Active, Not Active, Not Active
2026/09/23 14:58:47.716, NVIDIA GeForce RTX 3050 6GB Laptop GPU, P0, 52, 98, 4, 247, 5500, 13.96, [N/A], 45.00, 0x0000000000000001, Active, Not Active, Not Active, Not Active, Not Active
2026/09/23 14:58:47.972, NVIDIA GeForce RTX 3050 6GB Laptop GPU, P3, 51, 98, 4, 63, 5000, 13.85, [N/A], 45.00, 0x0000000000000001, Active, Not Active, Not Active, Not Active, Not Active
2026/09/23 14:58:48.228, NVIDIA GeForce RTX 3050 6GB Laptop GPU, P3, 51, 98, 4, 63, 5000, 14.20, [N/A], 45.00, 0x0000000000000001, Active, Not Active, Not Active, Not Active, Not Active
2026/09/23 14:58:48.482, NVIDIA GeForce RTX 3050 6GB Laptop GPU, P5, 51, 51, 9, 78, 810, 14.15, [N/A], 45.00, 0x0000000000000001, Active, Not Active, Not Active, Not Active, Not Active
2026/09/23 14:58:48.736, NVIDIA GeForce RTX 3050 6GB Laptop GPU, P5, 51, 51, 9, 78, 810, 14.26, [N/A], 45.00, 0x0000000000000001, Active, Not Active, Not Active, Not Active, Not Active
2026/09/23 14:58:48.991, NVIDIA GeForce RTX 3050 6GB Laptop GPU, P0, 52, 51, 9, 247, 5500, 14.28, [N/A], 45.00, 0x0000000000000001, Active, Not Active, Not Active, Not Active, Not Active
2026/09/23 14:58:49.247, NVIDIA GeForce RTX 3050 6GB Laptop GPU, P0, 52, 51, 9, 247, 5500, 13.71, [N/A], 45.00, 0x0000000000000001, Active, Not Active, Not Active, Not Active, Not Active
2026/09/23 14:58:49.505, NVIDIA GeForce RTX 3050 6GB Laptop GPU, P0, 51, 0, 0, 247, 5500, 13.33, [N/A], 45.00, 0x0000000000000001, Active, Not Active, Not Active, Not Active, Not Active
2026/09/23 14:58:49.764, NVIDIA GeForce RTX 3050 6GB Laptop GPU, P0, 51, 0, 0, 247, 5500, 12.85, [N/A], 45.00, 0x0000000000000001, Active, Not Active, Not Active, Not Active, Not Active
2026/09/23 14:58:50.020, NVIDIA GeForce RTX 3050 6GB Laptop GPU, P0, 51, 0, 0, 247, 5500, 12.55, [N/A], 45.00, 0x0000000000000001, Active, Not Active, Not Active, Not Active, Not Active
2026/09/23 14:58:50.273, NVIDIA GeForce RTX 3050 6GB Laptop GPU, P0, 51, 0, 0, 247, 5500, 13.12, [N/A], 45.00, 0x0000000000000001, Active, Not Active, Not Active, Not Active, Not Active
2026/09/23 14:58:50.530, NVIDIA GeForce RTX 3050 6GB Laptop GPU, P0, 52, 37, 7, 247, 5500, 13.68, [N/A], 45.00, 0x0000000000000001, Active, Not Active, Not Active, Not Active, Not Active
2026/09/23 14:58:50.783, NVIDIA GeForce RTX 3050 6GB Laptop GPU, P5, 51, 37, 7, 112, 810, 14.39, [N/A], 45.00, 0x0000000000000001, Active, Not Active, Not Active, Not Active, Not Active
2026/09/23 14:58:51.039, NVIDIA GeForce RTX 3050 6GB Laptop GPU, P5, 51, 37, 7, 112, 810, 15.16, [N/A], 45.00, 0x0000000000000001, Active, Not Active, Not Active, Not Active, Not Active
2026/09/23 14:58:51.294, NVIDIA GeForce RTX 3050 6GB Laptop GPU, P3, 52, 68, 11, 105, 5000, 15.11, [N/A], 45.00, 0x0000000000000001, Active, Not Active, Not Active, Not Active, Not Active
2026/09/23 14:58:51.549, NVIDIA GeForce RTX 3050 6GB Laptop GPU, P3, 52, 68, 11, 105, 5000, 15.11, [N/A], 45.00, 0x0000000000000001, Active, Not Active, Not Active, Not Active, Not Active
2026/09/23 14:58:51.807, NVIDIA GeForce RTX 3050 6GB Laptop GPU, P0, 52, 68, 11, 247, 5500, 14.89, [N/A], 45.00, 0x0000000000000001, Active, Not Active, Not Active, Not Active, Not Active
2026/09/23 14:58:52.059, NVIDIA GeForce RTX 3050 6GB Laptop GPU, P0, 52, 68, 11, 247, 5500, 15.02, [N/A], 45.00, 0x0000000000000001, Active, Not Active, Not Active, Not Active, Not Active
2026/09/23 14:58:52.313, NVIDIA GeForce RTX 3050 6GB Laptop GPU, P0, 51, 80, 5, 247, 5500, 14.74, [N/A], 45.00, 0x0000000000000001, Active, Not Active, Not Active, Not Active, Not Active
2026/09/23 14:58:52.568, NVIDIA GeForce RTX 3050 6GB Laptop GPU, P0, 51, 80, 5, 247, 5500, 14.56, [N/A], 45.00, 0x0000000000000001, Active, Not Active, Not Active, Not Active, Not Active
2026/09/23 14:58:52.822, NVIDIA GeForce RTX 3050 6GB Laptop GPU, P3, 52, 80, 5, 82, 5000, 14.47, [N/A], 45.00, 0x0000000000000001, Active, Not Active, Not Active, Not Active, Not Active
2026/09/23 14:58:53.080, NVIDIA GeForce RTX 3050 6GB Laptop GPU, P3, 52, 80, 5, 82, 5000, 14.17, [N/A], 45.00, 0x0000000000000001, Active, Not Active, Not Active, Not Active, Not Active
2026/09/23 14:58:53.336, NVIDIA GeForce RTX 3050 6GB Laptop GPU, P0, 52, 96, 2, 247, 5500, 14.13, [N/A], 45.00, 0x0000000000000001, Active, Not Active, Not Active, Not Active, Not Active
2026/09/23 14:58:53.591, NVIDIA GeForce RTX 3050 6GB Laptop GPU, P0, 52, 96, 2, 247, 5500, 13.94, [N/A], 45.00, 0x0000000000000001, Active, Not Active, Not Active, Not Active, Not Active
2026/09/23 14:58:53.845, NVIDIA GeForce RTX 3050 6GB Laptop GPU, P3, 51, 96, 2, 80, 5000, 13.93, [N/A], 45.00, 0x0000000000000001, Active, Not Active, Not Active, Not Active, Not Active
2026/09/23 14:58:54.100, NVIDIA GeForce RTX 3050 6GB Laptop GPU, P3, 51, 96, 2, 80, 5000, 13.90, [N/A], 45.00, 0x0000000000000001, Active, Not Active, Not Active, Not Active, Not Active
2026/09/23 14:58:54.352, NVIDIA GeForce RTX 3050 6GB Laptop GPU, P0, 52, 87, 2, 247, 5500, 14.10, [N/A], 45.00, 0x0000000000000001, Active, Not Active, Not Active, Not Active, Not Active
2026/09/23 14:58:54.604, NVIDIA GeForce RTX 3050 6GB Laptop GPU, P0, 52, 87, 2, 247, 5500, 14.18, [N/A], 45.00, 0x0000000000000001, Active, Not Active, Not Active, Not Active, Not Active
2026/09/23 14:58:54.858, NVIDIA GeForce RTX 3050 6GB Laptop GPU, P3, 52, 87, 2, 91, 5000, 14.11, [N/A], 45.00, 0x0000000000000001, Active, Not Active, Not Active, Not Active, Not Active
2026/09/23 14:58:55.115, NVIDIA GeForce RTX 3050 6GB Laptop GPU, P3, 52, 87, 2, 91, 5000, 14.45, [N/A], 45.00, 0x0000000000000001, Active, Not Active, Not Active, Not Active, Not Active
2026/09/23 14:58:55.369, NVIDIA GeForce RTX 3050 6GB Laptop GPU, P3, 51, 51, 9, 78, 5000, 14.40, [N/A], 45.00, 0x0000000000000001, Active, Not Active, Not Active, Not Active, Not Active
2026/09/23 14:58:55.624, NVIDIA GeForce RTX 3050 6GB Laptop GPU, P3, 51, 51, 9, 78, 5000, 14.43, [N/A], 45.00, 0x0000000000000001, Active, Not Active, Not Active, Not Active, Not Active
2026/09/23 14:58:55.881, NVIDIA GeForce RTX 3050 6GB Laptop GPU, P3, 52, 51, 9, 88, 5000, 13.78, [N/A], 45.00, 0x0000000000000001, Active, Not Active, Not Active, Not Active, Not Active
2026/09/23 14:58:56.138, NVIDIA GeForce RTX 3050 6GB Laptop GPU, P3, 52, 51, 9, 88, 5000, 13.13, [N/A], 45.00, 0x0000000000000001, Active, Not Active, Not Active, Not Active, Not Active
2026/09/23 14:58:56.396, NVIDIA GeForce RTX 3050 6GB Laptop GPU, P3, 51, 0, 0, 88, 5000, 12.63, [N/A], 45.00, 0x0000000000000001, Active, Not Active, Not Active, Not Active, Not Active
2026/09/23 14:58:56.649, NVIDIA GeForce RTX 3050 6GB Laptop GPU, P3, 51, 0, 0, 88, 5000, 11.65, [N/A], 45.00, 0x0000000000000001, Active, Not Active, Not Active, Not Active, Not Active
2026/09/23 14:58:56.904, NVIDIA GeForce RTX 3050 6GB Laptop GPU, P5, 51, 0, 0, 88, 810, 12.05, [N/A], 45.00, 0x0000000000000001, Active, Not Active, Not Active, Not Active, Not Active
2026/09/23 14:58:57.159, NVIDIA GeForce RTX 3050 6GB Laptop GPU, P5, 51, 0, 0, 88, 810, 12.86, [N/A], 45.00, 0x0000000000000001, Active, Not Active, Not Active, Not Active, Not Active
2026/09/23 14:58:57.415, NVIDIA GeForce RTX 3050 6GB Laptop GPU, P5, 51, 74, 14, 112, 810, 13.59, [N/A], 45.00, 0x0000000000000001, Active, Not Active, Not Active, Not Active, Not Active
2026/09/23 14:58:57.669, NVIDIA GeForce RTX 3050 6GB Laptop GPU, P5, 51, 74, 14, 112, 810, 14.35, [N/A], 45.00, 0x0000000000000001, Active, Not Active, Not Active, Not Active, Not Active
2026/09/23 14:58:57.924, NVIDIA GeForce RTX 3050 6GB Laptop GPU, P0, 52, 74, 14, 247, 5500, 15.14, [N/A], 45.00, 0x0000000000000001, Active, Not Active, Not Active, Not Active, Not Active
2026/09/23 14:58:58.176, NVIDIA GeForce RTX 3050 6GB Laptop GPU, P0, 52, 74, 14, 247, 5500, 15.14, [N/A], 45.00, 0x0000000000000001, Active, Not Active, Not Active, Not Active, Not Active
2026/09/23 14:58:58.430, NVIDIA GeForce RTX 3050 6GB Laptop GPU, P0, 52, 91, 9, 247, 5500, 15.34, [N/A], 45.00, 0x0000000000000001, Active, Not Active, Not Active, Not Active, Not Active
2026/09/23 14:58:58.682, NVIDIA GeForce RTX 3050 6GB Laptop GPU, P0, 52, 91, 9, 247, 5500, 15.19, [N/A], 45.00, 0x0000000000000001, Active, Not Active, Not Active, Not Active, Not Active
2026/09/23 14:58:58.943, NVIDIA GeForce RTX 3050 6GB Laptop GPU, P3, 52, 91, 9, 93, 5000, 15.04, [N/A], 45.00, 0x0000000000000001, Active, Not Active, Not Active, Not Active, Not Active
2026/09/23 14:58:59.196, NVIDIA GeForce RTX 3050 6GB Laptop GPU, P3, 52, 91, 9, 93, 5000, 14.99, [N/A], 45.00, 0x0000000000000001, Active, Not Active, Not Active, Not Active, Not Active
2026/09/23 14:58:59.451, NVIDIA GeForce RTX 3050 6GB Laptop GPU, P3, 52, 52, 7, 80, 5000, 14.62, [N/A], 45.00, 0x0000000000000001, Active, Not Active, Not Active, Not Active, Not Active
2026/09/23 14:58:59.704, NVIDIA GeForce RTX 3050 6GB Laptop GPU, P3, 52, 52, 7, 80, 5000, 14.63, [N/A], 45.00, 0x0000000000000001, Active, Not Active, Not Active, Not Active, Not Active
2026/09/23 14:58:59.959, NVIDIA GeForce RTX 3050 6GB Laptop GPU, P3, 51, 52, 7, 86, 5000, 14.50, [N/A], 45.00, 0x0000000000000001, Active, Not Active, Not Active, Not Active, Not Active
2026/09/23 14:59:00.219, NVIDIA GeForce RTX 3050 6GB Laptop GPU, P3, 51, 52, 7, 86, 5000, 14.23, [N/A], 45.00, 0x0000000000000001, Active, Not Active, Not Active, Not Active, Not Active
2026/09/23 14:59:00.473, NVIDIA GeForce RTX 3050 6GB Laptop GPU, P0, 52, 76, 3, 247, 5500, 14.40, [N/A], 45.00, 0x0000000000000001, Active, Not Active, Not Active, Not Active, Not Active
2026/09/23 14:59:00.729, NVIDIA GeForce RTX 3050 6GB Laptop GPU, P0, 52, 76, 3, 247, 5500, 13.99, [N/A], 45.00, 0x0000000000000001, Active, Not Active, Not Active, Not Active, Not Active
2026/09/23 14:59:00.985, NVIDIA GeForce RTX 3050 6GB Laptop GPU, P0, 52, 76, 3, 247, 5500, 14.17, [N/A], 45.00, 0x0000000000000001, Active, Not Active, Not Active, Not Active, Not Active
2026/09/23 14:59:01.236, NVIDIA GeForce RTX 3050 6GB Laptop GPU, P0, 52, 76, 3, 247, 5500, 14.38, [N/A], 45.00, 0x0000000000000001, Active, Not Active, Not Active, Not Active, Not Active
2026/09/23 14:59:01.490, NVIDIA GeForce RTX 3050 6GB Laptop GPU, P0, 52, 84, 6, 247, 5500, 14.16, [N/A], 45.00, 0x0000000000000001, Active, Not Active, Not Active, Not Active, Not Active
2026/09/23 14:59:01.746, NVIDIA GeForce RTX 3050 6GB Laptop GPU, P0, 52, 84, 6, 247, 5500, 14.58, [N/A], 45.00, 0x0000000000000001, Active, Not Active, Not Active, Not Active, Not Active
2026/09/23 14:59:02.001, NVIDIA GeForce RTX 3050 6GB Laptop GPU, P3, 52, 84, 6, 93, 5000, 14.44, [N/A], 45.00, 0x0000000000000001, Active, Not Active, Not Active, Not Active, Not Active
2026/09/23 14:59:02.259, NVIDIA GeForce RTX 3050 6GB Laptop GPU, P3, 52, 84, 6, 93, 5000, 14.28, [N/A], 45.00, 0x0000000000000001, Active, Not Active, Not Active, Not Active, Not Active
2026/09/23 14:59:02.515, NVIDIA GeForce RTX 3050 6GB Laptop GPU, P0, 51, 33, 5, 247, 5500, 13.68, [N/A], 45.00, 0x0000000000000001, Active, Not Active, Not Active, Not Active, Not Active
2026/09/23 14:59:02.771, NVIDIA GeForce RTX 3050 6GB Laptop GPU, P0, 51, 33, 5, 247, 5500, 13.33, [N/A], 45.00, 0x0000000000000001, Active, Not Active, Not Active, Not Active, Not Active
2026/09/23 14:59:03.028, NVIDIA GeForce RTX 3050 6GB Laptop GPU, P0, 51, 33, 5, 247, 5500, 12.74, [N/A], 45.00, 0x0000000000000001, Active, Not Active, Not Active, Not Active, Not Active
2026/09/23 14:59:03.287, NVIDIA GeForce RTX 3050 6GB Laptop GPU, P0, 52, 0, 0, 247, 5500, 12.58, [N/A], 45.00, 0x0000000000000001, Active, Not Active, Not Active, Not Active, Not Active
2026/09/23 14:59:03.544, NVIDIA GeForce RTX 3050 6GB Laptop GPU, P0, 52, 0, 0, 247, 5500, 13.15, [N/A], 45.00, 0x0000000000000001, Active, Not Active, Not Active, Not Active, Not Active
2026/09/23 14:59:03.801, NVIDIA GeForce RTX 3050 6GB Laptop GPU, P3, 52, 0, 0, 116, 5000, 14.03, [N/A], 45.00, 0x0000000000000001, Active, Not Active, Not Active, Not Active, Not Active
2026/09/23 14:59:04.059, NVIDIA GeForce RTX 3050 6GB Laptop GPU, P3, 52, 0, 0, 116, 5000, 14.45, [N/A], 45.00, 0x0000000000000001, Active, Not Active, Not Active, Not Active, Not Active
2026/09/23 14:59:04.314, NVIDIA GeForce RTX 3050 6GB Laptop GPU, P3, 52, 62, 10, 95, 5000, 14.91, [N/A], 45.00, 0x0000000000000001, Active, Not Active, Not Active, Not Active, Not Active
2026/09/23 14:59:04.568, NVIDIA GeForce RTX 3050 6GB Laptop GPU, P3, 52, 62, 10, 95, 5000, 15.20, [N/A], 45.00, 0x0000000000000001, Active, Not Active, Not Active, Not Active, Not Active
2026/09/23 14:59:04.825, NVIDIA GeForce RTX 3050 6GB Laptop GPU, P0, 52, 62, 10, 247, 5500, 15.15, [N/A], 45.00, 0x0000000000000001, Active, Not Active, Not Active, Not Active, Not Active
2026/09/23 14:59:05.078, NVIDIA GeForce RTX 3050 6GB Laptop GPU, P0, 52, 62, 10, 247, 5500, 15.37, [N/A], 45.00, 0x0000000000000001, Active, Not Active, Not Active, Not Active, Not Active
2026/09/23 14:59:05.336, NVIDIA GeForce RTX 3050 6GB Laptop GPU, P0, 52, 88, 7, 247, 5500, 15.24, [N/A], 45.00, 0x0000000000000001, Active, Not Active, Not Active, Not Active, Not Active
2026/09/23 14:59:05.590, NVIDIA GeForce RTX 3050 6GB Laptop GPU, P0, 52, 88, 7, 247, 5500, 14.98, [N/A], 45.00, 0x0000000000000001, Active, Not Active, Not Active, Not Active, Not Active
2026/09/23 14:59:05.844, NVIDIA GeForce RTX 3050 6GB Laptop GPU, P3, 52, 88, 7, 91, 5000, 14.94, [N/A], 45.00, 0x0000000000000001, Active, Not Active, Not Active, Not Active, Not Active
2026/09/23 14:59:06.099, NVIDIA GeForce RTX 3050 6GB Laptop GPU, P3, 52, 88, 7, 91, 5000, 14.62, [N/A], 45.00, 0x0000000000000001, Active, Not Active, Not Active, Not Active, Not Active
2026/09/23 14:59:06.354, NVIDIA GeForce RTX 3050 6GB Laptop GPU, P3, 52, 44, 8, 69, 5000, 14.34, [N/A], 45.00, 0x0000000000000001, Active, Not Active, Not Active, Not Active, Not Active
2026/09/23 14:59:06.611, NVIDIA GeForce RTX 3050 6GB Laptop GPU, P3, 52, 44, 8, 69, 5000, 14.64, [N/A], 45.00, 0x0000000000000001, Active, Not Active, Not Active, Not Active, Not Active
2026/09/23 14:59:06.868, NVIDIA GeForce RTX 3050 6GB Laptop GPU, P0, 52, 44, 8, 247, 5500, 14.42, [N/A], 45.00, 0x0000000000000001, Active, Not Active, Not Active, Not Active, Not Active
2026/09/23 14:59:07.128, NVIDIA GeForce RTX 3050 6GB Laptop GPU, P0, 52, 44, 8, 247, 5500, 14.31, [N/A], 45.00, 0x0000000000000001, Active, Not Active, Not Active, Not Active, Not Active
2026/09/23 14:59:07.381, NVIDIA GeForce RTX 3050 6GB Laptop GPU, P0, 52, 87, 4, 247, 5500, 14.57, [N/A], 45.00, 0x0000000000000001, Active, Not Active, Not Active, Not Active, Not Active
2026/09/23 14:59:07.637, NVIDIA GeForce RTX 3050 6GB Laptop GPU, P0, 52, 87, 4, 247, 5500, 14.45, [N/A], 45.00, 0x0000000000000001, Active, Not Active, Not Active, Not Active, Not Active
2026/09/23 14:59:07.893, NVIDIA GeForce RTX 3050 6GB Laptop GPU, P3, 52, 87, 4, 80, 5000, 14.57, [N/A], 45.00, 0x0000000000000001, Active, Not Active, Not Active, Not Active, Not Active
2026/09/23 14:59:08.149, NVIDIA GeForce RTX 3050 6GB Laptop GPU, P3, 52, 87, 4, 80, 5000, 14.68, [N/A], 45.00, 0x0000000000000001, Active, Not Active, Not Active, Not Active, Not Active
2026/09/23 14:59:08.406, NVIDIA GeForce RTX 3050 6GB Laptop GPU, P3, 52, 62, 10, 95, 5000, 14.33, [N/A], 45.00, 0x0000000000000001, Active, Not Active, Not Active, Not Active, Not Active
2026/09/23 14:59:08.664, NVIDIA GeForce RTX 3050 6GB Laptop GPU, P3, 52, 62, 10, 95, 5000, 14.08, [N/A], 45.00, 0x0000000000000001, Active, Not Active, Not Active, Not Active, Not Active
2026/09/23 14:59:08.922, NVIDIA GeForce RTX 3050 6GB Laptop GPU, P0, 52, 62, 10, 247, 5500, 13.43, [N/A], 45.00, 0x0000000000000001, Active, Not Active, Not Active, Not Active, Not Active
2026/09/23 14:59:09.173, NVIDIA GeForce RTX 3050 6GB Laptop GPU, P0, 52, 62, 10, 247, 5500, 13.06, [N/A], 45.00, 0x0000000000000001, Active, Not Active, Not Active, Not Active, Not Active
2026/09/23 14:59:09.432, NVIDIA GeForce RTX 3050 6GB Laptop GPU, P0, 52, 0, 0, 247, 5500, 12.58, [N/A], 45.00, 0x0000000000000001, Active, Not Active, Not Active, Not Active, Not Active
2026/09/23 14:59:09.688, NVIDIA GeForce RTX 3050 6GB Laptop GPU, P0, 52, 0, 0, 247, 5500, 13.04, [N/A], 45.00, 0x0000000000000001, Active, Not Active, Not Active, Not Active, Not Active
2026/09/23 14:59:09.950, NVIDIA GeForce RTX 3050 6GB Laptop GPU, P5, 52, 0, 0, 103, 810, 13.63, [N/A], 45.00, 0x0000000000000001, Active, Not Active, Not Active, Not Active, Not Active
2026/09/23 14:59:10.212, NVIDIA GeForce RTX 3050 6GB Laptop GPU, P5, 52, 0, 0, 103, 810, 14.29, [N/A], 45.00, 0x0000000000000001, Active, Not Active, Not Active, Not Active, Not Active
2026/09/23 14:59:10.467, NVIDIA GeForce RTX 3050 6GB Laptop GPU, P3, 52, 62, 11, 97, 5000, 14.79, [N/A], 45.00, 0x0000000000000001, Active, Not Active, Not Active, Not Active, Not Active
2026/09/23 14:59:10.722, NVIDIA GeForce RTX 3050 6GB Laptop GPU, P3, 52, 62, 11, 97, 5000, 14.87, [N/A], 45.00, 0x0000000000000001, Active, Not Active, Not Active, Not Active, Not Active
2026/09/23 14:59:10.979, NVIDIA GeForce RTX 3050 6GB Laptop GPU, P0, 52, 62, 11, 247, 5500, 15.05, [N/A], 45.00, 0x0000000000000001, Active, Not Active, Not Active, Not Active, Not Active
2026/09/23 14:59:11.239, NVIDIA GeForce RTX 3050 6GB Laptop GPU, P0, 52, 62, 11, 247, 5500, 15.14, [N/A], 45.00, 0x0000000000000001, Active, Not Active, Not Active, Not Active, Not Active
2026/09/23 14:59:11.495, NVIDIA GeForce RTX 3050 6GB Laptop GPU, P0, 52, 87, 7, 247, 5500, 15.31, [N/A], 45.00, 0x0000000000000001, Active, Not Active, Not Active, Not Active, Not Active
